latitude,longitude,depth,mag,magType,nst,gap,dmin,rms,type,horizontalError,depthError,magError,magNst
35.53866667,-96.75766667,5.51,-0.15,ml,14.0,141.0,0.01619682163,0.07,earthquake,0.48,0.2,0.4,3.0
41.1983,-116.7252,9.8,1.1,ml,5.0,265.2,0.319,0.1418,earthquake,0.48,3.3,0.0,1.0
34.0195,-117.1893333,6.65,0.82,ml,47.0,61.0,0.06584,0.2,earthquake,0.19,0.49,0.165,26.0
39.1286,-104.6402,7.811,3.0,ml,15.0,65.0,0.429,0.94,earthquake,2.6,5.418,0.148,6.0
52.4905,160.946,10.0,5.1,mb,38.0,154.0,1.494,0.84,earthquake,10.65,1.934,0.034,276.0
36.5388336181641,-121.080169677734,5.34999990463257,1.14,md,9.0,62.0,0.05133,0.19,earthquake,0.62,2.58999991,0.16,8.0
63.0253,-151.5491,4.2,1.9,ml,20.0,88.0,0.05971,0.36,earthquake,0.48,0.4,0.159,12.5
31.617,-104.114,6.9458,1.3,ml,18.0,61.0,0.0,0.1,earthquake,0.6403652768358754,0.6662575430894393,0.2,11.0
39.1632,-119.0333,10.5,1.1,ml,16.0,106.57,0.24,0.1525,earthquake,0.48,1.6,0.26,6.0
33.1288333,-116.5213333,14.06,0.74,ml,25.0,96.0,0.07981,0.18,earthquake,0.37,0.62,0.151,7.0
51.8801666666667,-177.436833333333,-1.78,1.55,ml,7.0,170.0,0.1544,0.22,earthquake,0.8,0.73,0.213039670441464,7.0
35.33366667,-97.9345,6.65,1.53,ml,72.0,55.0,0.05848852256,0.22,earthquake,0.48,0.3,0.21,31.0
33.9868333,-117.208,15.39,1.0,ml,24.0,108.0,0.04905,0.24,EARTHQUAKE,0.37,0.62,0.274,32.0
46.198166666666665,-122.16583333333334,5.68,1.0,ml,40.0,70.0,0.01021,0.1,EARTHQUAKE,0.15,0.22,0.1196612063213911,19.0
38.4505,-112.804166666667,4.49,0.83,md,15.0,104.0,0.04138,0.05,earthquake,0.32,0.61,0.597285732463124,5.0
35.8806667,-117.7031667,4.04,0.82,ml,26.0,58.0,0.07961,0.11,earthquake,0.13,0.33,0.131,15.0
41.146,-116.7134,9.8,1.0,ml,4.0,260.80999999999995,0.307,0.1445,earthquake,0.48,2.8,0.0,1.0
32.116,-101.928,7.8857,2.0,ml,24.0,50.0,0.0,0.1,EARTHQUAKE,0.4551389772898956,0.8231202368579821,0.1,7.0
54.7413333333333,-164.005833333333,1.77,1.2,ml,4.0,192.0,0.03234,0.06,earthquake,0.76,0.46,0.285401721616992,4.0
35.60666667,-98.05433333,5.94,1.73,ml,65.0,59.0,0.1502705118,0.17,earthquake,0.48,0.3,0.21,23.0
52.9194,159.9861,42.0,5.5,mww,106.0,60.0,0.815,1.04,earthquake,8.77,1.898,0.086,13.0
38.0381666666667,-122.2405,8.86,1.83,md,90.0,36.0,0.02388,0.13,EARTHQUAKE,0.12,0.2,0.16,56.0
32.115,-101.925,10.5957,0.9,ml,12.0,81.0,0.1,0.1,earthquake,0.5421781426239877,0.9702546353518592,0.2,7.0
44.6166666666667,-110.387333333333,2.01,1.14,ml,9.0,104.0,0.05225,0.09,earthquake,0.75,31.61,0.391001145653882,2.0
36.6324996948242,-121.283332824707,5.69999980926514,1.55,md,16.0,62.0,0.03319,0.14,earthquake,0.41,1.02999997,0.2,11.0
35.52966667,-96.75916667,6.24,0.46,ml,27.0,48.0,0.01169770451,0.11,earthquake,0.48,0.2,0.31,8.0
61.2318,-147.6971,12.0,3.3,ml,20.0,88.0,0.05971,0.83,earthquake,0.48,0.2,0.159,12.5
54.7513333333333,-163.953333333333,-2.29,0.06,ml,4.0,123.0,0.04907,0.06,earthquake,0.26,0.27,0.178362105997471,4.0
34.3211667,-116.857,5.22,3.47,mw,112.0,25.0,0.03627,0.15,EARTHQUAKE,0.09,0.36,0.159,6.0
37.5338325500488,-118.414665222168,6.17999982833862,2.09,md,7.0,149.0,0.07352,0.05,earthquake,0.57,1.35000002,0.41,6.0
31.672,-104.367,6.0999,1.9,ml,40.0,70.0,0.1,0.2,earthquake,0.731517053171084,0.6814950052477743,0.1,19.0
46.50033333333333,-122.4015,22.86,0.72,ml,21.0,68.0,0.1276,0.15,earthquake,0.32,0.8,0.1309462538254774,7.0
44.8001666666667,-110.848166666667,5.0,1.44,ml,16.0,110.0,0.01195,0.19,earthquake,0.42,0.49,0.131628192055296,3.0
51.908,-176.3135,5.52,1.56,ml,11.0,161.0,0.07346,0.19,EARTHQUAKE,0.67,1.72,0.285275296452031,11.0
38.813835144043,-122.785163879395,1.36000001430511,0.75,md,8.0,90.0,0.003546,0.02,earthquake,0.58,1.03999996,0.09,9.0
38.8381652832031,-122.78099822998,2.07999992370605,1.49,md,27.0,69.0,0.005704,0.03,earthquake,0.21,0.330000013,0.11,27.0
32.107,-101.913,6.5186,0.9,ml,24.0,53.0,0.1,0.2,earthquake,0.4139528237797748,0.841283805500502,0.1,15.0
54.7065,-164.053833333333,4.62,1.11,ml,5.0,244.0,0.03302,0.17,EARTHQUAKE,1.24,1.17,0.454059646824018,5.0
45.0665,-112.916333333333,4.45,1.76,ml,25.0,52.0,0.2436,0.16,earthquake,0.34,3.74,0.163948660155436,24.0
33.649,-116.7551667,16.55,0.55,ml,25.0,91.0,0.07071,0.17,earthquake,0.3,0.54,0.181,11.0
51.7796666666667,-178.812166666667,2.68,0.59,ml,4.0,138.0,0.02765,0.04,earthquake,0.32,0.86,0.215503639570014,4.0
35.27416667,-99.75333333,28.0,2.41,ml,40.0,110.0,0.390523366,0.34,earthquake,0.48,0.7,0.24,19.0
-2.9722,136.3306,10.0,4.5,mb,27.0,57.0,1.825,0.78,EARTHQUAKE,5.15,1.767,0.121,21.0
38.8165016174316,-122.795333862305,2.41000008583069,1.26,md,22.0,44.0,0.008521,0.02,earthquake,0.27,0.400000006,0.14,21.0
38.8315010070801,-122.814498901367,1.85000002384186,0.73,md,13.0,67.0,0.008801,0.01,earthquake,0.28,0.709999979,0.46,14.0
37.43,-118.5585,12.3,2.04,md,37.0,56.0,0.103,0.08,earthquake,0.26,1.1,0.165,20.0
28.967,-98.155,9.8717,1.5,ml,8.0,94.0,0.1,0.3,earthquake,0.0,5.316320896148682,0.1,6.0
31.609,-104.297,6.4331,2.1,ml,42.0,72.0,0.1,0.2,earthquake,0.6879118502058349,0.653467555603957,0.2,23.0
40.981,-111.629166666667,9.26,0.98,md,11.0,72.0,0.07072,0.13,earthquake,0.36,1.31,0.497104074768841,5.0
47.5508333333333,-113.932666666667,16.37,0.08,ml,7.0,109.0,0.06111,0.08,earthquake,0.43,1.01,0.0707554147008702,2.0
35.54,-96.7565,6.44,0.5,ml,16.0,128.0,0.01349735136,0.11,EARTHQUAKE,0.48,0.3,0.05,3.0
38.8354988098145,-122.817001342773,1.77999997138977,0.71,md,7.0,96.0,0.01324,0.01,earthquake,0.41,1.39999998,0.25,10.0
47.4613333333333,-115.819833333333,0.79,1.09,ml,9.0,107.0,0.03223,0.04,EARTHQUAKE,0.52,0.73,0.349949351502656,2.0
-25.6613,-177.0642,95.745,4.9,mb,31.0,137.0,9.09,0.85,EARTHQUAKE,8.59,9.457,0.117,23.0
51.883,-178.139833333333,13.41,0.73,ml,7.0,117.0,0.02969,0.14,earthquake,0.83,0.56,0.304927461102857,7.0
60.3717,-150.7887,41.0,1.7,ml,20.0,88.0,0.05971,0.49,earthquake,0.48,1.1,0.159,12.5
44.569,-112.220666666667,6.19,1.16,ml,18.0,96.0,0.1264,0.15,earthquake,0.36,2.15,0.0739518707773799,13.0
32.7118333,-115.3636667,15.53,1.91,ml,33.0,68.0,0.02838,0.23,earthquake,0.3,0.44,0.167,21.0
63.5856,-148.0019,4.7,2.9,ml,20.0,88.0,0.05971,0.85,earthquake,0.48,0.3,0.159,12.5
35.898,-117.676,2.38,0.69,ml,24.0,43.0,0.05396,0.14,EARTHQUAKE,0.15,0.25,0.111,12.0
19.5498,-68.829,34.0,4.07,md,26.0,242.0,0.4434,0.57,earthquake,2.14,3.31,0.16,19.0
-23.9287,-175.3189,10.0,5.2,mb,64.0,59.0,6.964,0.75,earthquake,12.93,1.859,0.038,227.0
66.9088,-146.4021,0.0,2.3,ml,20.0,88.0,0.05971,1.44,earthquake,0.48,0.4,0.159,12.5
32.9861667,-115.9601667,9.73,1.55,ml,45.0,49.0,0.09936,0.17,earthquake,0.16,0.56,0.145,52.0
28.882,-98.36,6.7519,1.3,mlv,11.0,61.0,0.1,0.5,earthquake,0.0,3.425987720489502,0.2,9.0
-58.9109,-25.0396,10.0,4.6,mb,29.0,182.0,7.833,0.43,earthquake,14.48,1.937,0.109,25.0
63.3284,-145.5735,11.8,1.4,ml,20.0,88.0,0.05971,0.42,earthquake,0.48,0.3,0.159,12.5
31.527,-104.017,6.8689,1.3,ml,18.0,74.0,0.0,0.1,earthquake,0.8762998893214802,0.623349952922059,0.2,23.0
28.984,-98.165,5.0335,1.4,mlv,14.0,101.0,0.1,0.4,earthquake,0.0,3.702147960662842,0.2,11.0
29.04,-97.886,7.9535,1.2,ml,14.0,81.0,0.1,0.2,EARTHQUAKE,0.655774738115583,0.9366479862865316,0.1,5.0
36.7722,-116.2557,9.1,-0.4,ml,13.0,59.94999999999999,0.036,0.0701,earthquake,0.48,1.4,0.0,1.0
32.888,-100.968,4.7119,1.6,ml,15.0,71.0,0.0,0.1,EARTHQUAKE,0.4756269482046323,0.744111959752902,0.1,6.0
35.891,-117.6895,9.24,0.94,ml,27.0,43.0,0.06506,0.14,EARTHQUAKE,0.2,0.43,0.22,28.0
38.8143348693848,-122.796165466309,1.79999995231628,1.47,md,26.0,29.0,0.006393,0.03,earthquake,0.19,0.319999993,0.13,26.0
36.1195,-117.9141667,5.51,1.13,ml,30.0,48.0,0.0357,0.14,EARTHQUAKE,0.18,0.34,0.163,18.0
33.7133333,-116.8248333,16.59,0.8,ml,36.0,73.0,0.08658,0.17,earthquake,0.21,0.44,0.282,23.0
60.0211666666667,-153.040166666667,4.94,-0.88,ml,5.0,130.0,0.01193,0.14,earthquake,0.92,1.11,0.386521147751038,5.0
34.38616667,-97.45816667,7.0,0.78,ml,17.0,148.0,0.02609487929,0.22,earthquake,0.48,0.7,0.23,8.0
47.775,-118.73266666666666,-0.68,1.65,ml,16.0,52.0,0.3103,0.26,explosion,0.75,31.61,0.132143292223686,5.0
35.85416667,-96.664,7.19,0.48,ml,38.0,63.0,0.1349735136,0.15,earthquake,0.48,0.4,0.18,13.0
62.6285,-149.4025,59.5,2.1,ml,20.0,88.0,0.05971,0.6,EARTHQUAKE,0.48,1.5,0.159,12.5
36.19916667,-95.85183333,0.0,1.29,ml,64.0,105.0,0.4778062381,0.63,quarry blast,0.48,0.6,0.21,23.0
38.8246650695801,-122.851997375488,2.32999992370605,0.32,md,6.0,175.0,0.004772,0.01,earthquake,1.04,1.62,0.2,8.0
60.48,-152.660833333333,5.32,-0.64,ml,4.0,284.0,0.01865,0.15,EARTHQUAKE,1.06,1.05,0.265871427012721,4.0
31.567,-104.13,6.1127,1.9,ml,34.0,66.0,0.0,0.1,earthquake,0.47929253939937,0.3586638700426591,0.1,18.0
19.3548333333333,-155.1075,4.07,0.57,md,7.0,249.0,0.03433,0.29,earthquake,2.04,31.61,0.157558984205009,5.0
31.534,-104.019,6.9202,1.8,ml,40.0,57.0,0.0,0.2,EARTHQUAKE,0.693051080432655,0.4813886499292533,0.2,18.0
49.306,-122.631,-0.67,1.6,md,14.0,137.0,0.4725,0.19,explosion,0.55,31.61,0.1164360464154934,9.0
31.682,-104.407,6.0999,1.5,ml,29.0,68.0,0.0,0.2,earthquake,1.1343254784144845,0.5444611058145432,0.2,14.0
33.5858333,-116.6316667,13.55,1.4,ml,73.0,28.0,0.01914,0.2,earthquake,0.15,0.26,0.166,27.0
38.4583,-116.5099,9.6,2.3,ml,8.0,152.48000000000002,0.492,0.1508,earthquake,0.48,3.6,0.18,4.0
56.8532,-157.5889,124.3,2.2,ml,20.0,88.0,0.05971,0.57,EARTHQUAKE,0.48,1.2,0.159,12.5
58.2493,-154.9184,1.1,0.8,ml,20.0,88.0,0.05971,0.57,EARTHQUAKE,0.48,1.1,0.159,12.5
33.0293333,-116.2933333,6.39,0.96,ml,43.0,56.0,0.075,0.17,earthquake,0.17,0.62,0.133,18.0
40.2869987487793,-124.455833435059,18.4699993133545,1.73,md,9.0,299.0,0.08664,0.05,earthquake,3.51,2.11999989,0.08,3.0
39.0201666666667,-111.393833333333,-3.17,0.99,ml,6.0,124.0,0.0354,0.05,earthquake,0.56,1.08,0.442768200457113,3.0
38.7594985961914,-122.733001708984,1.53999996185303,1.86,md,26.0,65.0,0.006699,0.04,earthquake,0.22,0.280000001,0.13,30.0
33.0261667,-116.2931667,7.04,1.16,ml,50.0,40.0,0.07188,0.2,earthquake,0.18,0.51,0.146,28.0
53.228,159.6399,68.939,4.6,mb,45.0,133.0,0.631,0.99,earthquake,12.07,7.356,0.058,89.0
31.466,-103.834,4.2926,2.6,ml,50.0,55.0,0.1,0.2,EARTHQUAKE,0.4563584106937792,0.7717280961109368,0.2,25.0
-19.889,-69.1463,107.137,4.2,mb,20.0,118.0,0.251,0.74,earthquake,6.58,4.747,0.136,15.0
57.6474,-155.3896,9.7,2.2,ml,20.0,88.0,0.05971,0.23,EARTHQUAKE,0.48,1.0,0.159,12.5
13.8036,39.8729,10.0,4.3,mb,25.0,172.0,3.678,0.68,earthquake,7.66,1.864,0.125,18.0
31.93,-115.0888333,1.37,2.28,ml,14.0,92.0,0.2589,0.25,earthquake,0.41,1.61,0.193,25.0
34.0086667,-116.7808333,11.41,1.03,ml,47.0,39.0,0.03462,0.13,EARTHQUAKE,0.16,0.39,0.148,35.0
33.3628333,-116.699,12.27,0.78,ml,55.0,28.0,0.1156,0.18,EARTHQUAKE,0.16,0.46,0.084,26.0
64.2808,-147.0593,8.5,2.2,ml,20.0,88.0,0.05971,0.37,earthquake,0.48,0.2,0.159,12.5
31.525,-104.021,7.2791,1.0,ml,21.0,60.0,0.0,0.1,earthquake,0.8575562892822564,0.7639696907337648,0.2,19.0
31.614,-104.0,7.7661,1.3,ml,15.0,57.0,0.0,0.1,earthquake,0.6745044277004276,1.1031254116219231,0.1,18.0
38.8219985961914,-122.763999938965,1.82000005245209,1.49,md,28.0,106.0,0.009639,0.03,EARTHQUAKE,0.24,0.340000004,0.11,27.0
36.10183333,-97.83633333,6.42,1.63,ml,96.0,45.0,0.1178768685,0.14,earthquake,0.48,0.2,0.23,47.0
60.2202,-150.7827,45.9,4.2,ml,20.0,88.0,0.05971,0.67,earthquake,0.48,0.3,0.159,12.5
37.857666015625,-122.241333007812,8.38000011444092,2.83,md,74.0,30.0,0.01644,0.07,earthquake,0.12,0.270000011,0.14,94.0
32.107,-101.918,8.4229,2.4,ml,18.0,53.0,0.1,0.1,EARTHQUAKE,0.5984802418202878,0.9015821970145104,0.0,7.0
45.36783333333333,-121.70133333333334,1.73,1.87,ml,16.0,62.0,0.009722,0.05,earthquake,0.17,0.34,0.1944265580662184,9.0
6.5408,-76.22,10.0,4.9,mb,55.0,86.0,2.531,1.17,EARTHQUAKE,7.3,1.892,0.033,282.0
36.7696,-116.2563,9.4,-0.2,ml,29.0,60.56,0.034,0.0787,earthquake,0.48,0.6,0.32,5.0
38.8186683654785,-122.763664245605,1.70000004768372,1.25,md,19.0,115.0,0.01276,0.03,earthquake,0.27,0.49000001,0.2,20.0
35.3478333,-117.7913333,6.79,1.1,ml,37.0,79.0,0.09177,0.13,earthquake,0.15,0.38,0.19,37.0
60.0493333333333,-153.078166666667,2.1,-0.57,ml,5.0,113.0,0.01087,0.22,earthquake,1.35,1.89,0.262742738477782,5.0
35.54183333,-96.76733333,6.0,-1.08,ml,10.0,104.0,0.007198587392,0.04,EARTHQUAKE,0.48,0.3,0.0,1.0
62.8735,-151.0926,28.0,1.5,ml,20.0,88.0,0.05971,1.28,earthquake,0.48,0.7,0.159,12.5
19.1763,-155.4658,35.0,2.6,ml,13.0,158.0,0.174,0.2,EARTHQUAKE,6.25,3.717,0.081,20.0
37.7247,72.4379,198.227,4.3,mb,40.0,90.0,0.588,0.46,earthquake,7.26,7.811,0.153,12.0
52.7818,160.9545,10.0,4.6,mb,39.0,119.0,1.417,0.62,earthquake,10.4,1.902,0.048,131.0
35.4416666666667,-91.6826666666667,5.27,1.93,md,11.0,186.0,0.1174,0.13,EARTHQUAKE,0.5,1.05,0.122345371544161,9.0
33.5908333,-116.7338333,12.25,0.79,ml,42.0,40.0,0.02553,0.15,earthquake,0.16,0.35,0.121,16.0
35.8951667,-117.7405,7.84,1.44,ml,23.0,48.0,0.08278,0.12,earthquake,0.16,0.52,0.07,7.0
32.359,-102.089,6.958,0.6,ml,17.0,48.0,0.0,0.1,earthquake,0.5444695663254557,0.8546184916491355,0.2,9.0
38.8001670837402,-122.766670227051,3.83999991416931,1.05,md,20.0,81.0,0.005456,0.02,EARTHQUAKE,0.31,0.639999986,0.14,21.0
58.2657,-154.0893,9.9,1.4,ml,20.0,88.0,0.05971,0.72,earthquake,0.48,0.7,0.159,12.5
60.5173333333333,-152.7775,2.57,-0.69,ml,8.0,75.0,0.04483,0.07,earthquake,0.24,0.99,0.0889396591941217,8.0
52.3425,159.9704,35.0,4.7,mb,64.0,143.0,1.054,0.74,earthquake,10.74,1.924,0.065,72.0
37.5675,141.3033,49.324,5.1,mww,69.0,98.0,2.679,0.55,EARTHQUAKE,7.55,4.763,0.071,19.0
31.486,-115.604,5.74,2.42,ml,9.0,148.0,0.1805,0.22,earthquake,0.46,3.16,0.112,9.0
53.104,160.9783,40.665,4.6,mb,138.0,106.0,1.407,0.82,earthquake,9.23,7.241,0.047,134.0
32.42,-101.77,6.2256,0.8,ml,16.0,67.0,0.0,0.1,EARTHQUAKE,0.4741214808354041,0.5935647886390565,0.2,10.0
-15.1223,167.4307,150.852,5.0,mb,75.0,56.0,6.173,0.74,EARTHQUAKE,9.99,5.614,0.062,84.0
33.9806667,-116.7158333,14.15,0.87,ml,31.0,58.0,0.08068,0.13,EARTHQUAKE,0.18,0.35,0.169,21.0
61.3891,-150.1005,34.5,1.9,ml,20.0,88.0,0.05971,0.32,EARTHQUAKE,0.48,0.6,0.159,12.5
40.2828333333333,-124.645,15.32,2.39,md,54.0,252.0,0.2314,0.15,earthquake,0.28,0.42,0.268,32.0
38.7906684875488,-122.75366973877,0.379999995231628,0.81,md,7.0,172.0,0.01518,0.02,earthquake,0.56,1.07000005,0.08,7.0
53.181,159.8579,63.703,5.4,mb,82.0,105.0,0.745,0.64,earthquake,7.83,6.154,0.021,756.0
61.8415,-149.6104,39.4,1.9,ml,20.0,88.0,0.05971,0.28,earthquake,0.48,0.7,0.159,12.5
38.8219985961914,-122.812835693359,2.96000003814697,0.88,md,10.0,68.0,0.01737,0.01,earthquake,0.39,0.879999995,0.26,9.0
38.4663,-116.4883,2.7,1.8,ml,9.0,154.74,0.511,0.132,earthquake,0.48,3.2,0.0,2.0
60.022,-153.078,1.47,-0.25,ml,5.0,101.0,0.03043,0.24,earthquake,0.52,0.71,0.25296203414797,5.0
28.85,-99.103,8.4722,1.6,ml,10.0,81.0,0.0,0.2,earthquake,2.260473654506119,1.1691937778755006,0.1,6.0
63.5652,-150.861,0.0,1.8,ml,20.0,88.0,0.05971,0.73,earthquake,0.48,0.4,0.159,12.5
36.0043333333333,-120.5655,1.5,-0.26,md,0.0,236.0,0.02397,0.08,earthquake,1.21,1.79,0.107,2.0
62.9006,-143.6771,6.0,1.6,ml,20.0,88.0,0.05971,0.81,earthquake,0.48,0.3,0.159,12.5
33.931,-117.1951667,13.12,1.3,ml,48.0,54.0,0.02477,0.18,EARTHQUAKE,0.16,0.38,0.205,27.0
38.452,-112.806833333333,4.88,1.44,ml,21.0,72.0,0.0407,0.07,earthquake,0.31,0.49,0.0661644795865473,2.0
-4.8346,151.1849,192.136,4.4,mb,22.0,110.0,1.166,0.74,EARTHQUAKE,12.72,14.339,0.13,17.0
41.1842,-116.6589,12.8,1.4,ml,6.0,262.07,0.271,0.151,earthquake,0.48,2.3,0.21,3.0
38.8383331298828,-122.810165405273,2.9300000667572,1.7,md,37.0,33.0,0.01492,0.04,earthquake,0.19,0.319999993,0.13,34.0
35.6803333,-117.5553333,2.82,0.62,ml,25.0,57.0,0.1082,0.19,EARTHQUAKE,0.22,0.65,0.232,11.0
40.7355003356934,-123.294502258301,24.6000003814697,2.55,md,27.0,42.0,0.1593,0.18,earthquake,0.45,1.38,0.13,18.0
32.195,-100.966,5.0049,1.4,ml,16.0,62.0,0.3,0.2,earthquake,0.940239790457514,3.235982187840539,0.0,6.0
38.8209991455078,-122.806999206543,3.11999988555908,0.98,md,7.0,92.0,0.0159,0.01,earthquake,0.42,1.0,0.2,8.0
46.12083333333333,-122.5005,16.5,0.64,ml,13.0,106.0,0.1214,0.09,EARTHQUAKE,0.34,0.7,0.0939875887958928,6.0
60.0766666666667,-152.970166666667,1.03,0.12,ml,5.0,303.0,0.05071,0.13,earthquake,0.81,0.35,0.180768763487748,5.0
60.0173333333333,-153.091833333333,0.54,-0.82,ml,5.0,114.0,0.03685,0.1,earthquake,0.3,1.41,0.314101965248989,5.0
38.8201675415039,-122.793663024902,2.74000000953674,0.75,md,12.0,56.0,0.01225,0.02,earthquake,0.34,0.74000001,0.17,14.0
37.5945014953613,-122.461669921875,8.8100004196167,1.81,md,15.0,91.0,0.03316,0.04,earthquake,0.41,0.529999971,0.21,11.0
34.0411667,-117.2323333,7.16,2.03,ml,106.0,15.0,0.07657,0.17,earthquake,0.1,0.28,0.135,25.0
37.8565,-121.801833333333,5.69,1.55,md,7.0,91.0,0.04446,0.03,earthquake,0.73,0.38,0.528,4.0
58.346,-154.994,5.08,-0.03,ml,4.0,308.0,0.06197,0.29,earthquake,1.61,1.28,0.391729891780745,4.0
53.1782,159.9229,50.727,4.2,mb,31.0,164.0,0.783,1.26,earthquake,11.82,9.096,0.11,23.0
31.662,-104.364,6.7151,1.7,ml,29.0,69.0,0.1,0.1,earthquake,0.7174147132579781,0.7366894397992645,0.1,19.0
34.0423317,-117.2350006,5.06,1.15,ml,23.0,66.0,0.1031,0.14,earthquake,0.37,0.94,0.159,12.0
46.3236666666667,-111.599333333333,-2.0,1.59,ml,11.0,144.0,0.3205,0.05,QUARRY BLAST,0.41,31.61,0.366117605526391,13.0
38.7861671447754,-122.767501831055,2.82999992370605,0.89,md,9.0,101.0,0.01548,0.03,earthquake,0.41,1.12,0.43,8.0
61.9418333333333,-144.292,10.18,-0.19,ml,4.0,134.0,0.04773,0.19,earthquake,0.93,0.79,0.234492801220435,3.0
38.829833984375,-122.814163208008,2.5699999332428,0.51,md,8.0,112.0,0.007179,0.04,earthquake,0.56,0.959999979,0.34,9.0
35.3575,-117.7905,6.03,1.48,ml,50.0,37.0,0.1006,0.17,earthquake,0.15,0.55,0.135,24.0
34.7428333,-116.1151667,2.3,2.14,ml,32.0,46.0,0.06683,0.15,EARTHQUAKE,0.16,0.32,0.183,22.0
60.0551666666667,-152.934166666667,5.23,0.24,ml,5.0,302.0,0.05756,0.12,earthquake,1.43,1.2,0.228416185122396,5.0
34.0403333,-117.2325,6.85,1.59,ml,73.0,21.0,0.0772,0.15,earthquake,0.11,0.35,0.14,22.0
64.5267,-149.8667,19.0,1.1,ml,20.0,88.0,0.05971,0.51,EARTHQUAKE,0.48,0.4,0.159,12.5
32.357,-102.046,5.5908,0.6,ml,18.0,70.0,0.0,0.1,earthquake,0.4866008969704178,0.8673401949497036,0.2,11.0
5.4976,126.422,86.628,4.8,mb,43.0,113.0,1.208,0.98,EARTHQUAKE,6.81,7.227,0.105,28.0
34.041,-117.2345,6.37,1.37,ml,76.0,27.0,0.07574,0.17,EARTHQUAKE,0.11,0.41,0.281,25.0
-38.5629,175.6804,150.474,4.1,mb,26.0,58.0,0.474,0.59,earthquake,4.58,5.385,0.184,8.0
54.8366666666667,-163.974666666667,8.61,1.23,ml,4.0,252.0,0.02891,0.19,earthquake,1.13,1.16,0.121724256754417,4.0
35.649,-98.019,22.45,1.61,ml,61.0,44.0,0.16556751,0.35,earthquake,0.48,1.0,0.24,42.0
33.6526667,-117.015,16.18,0.73,ml,9.0,120.0,0.00532,0.09,earthquake,1.37,2.77,0.127,21.0
54.7508333333333,-163.962666666667,-1.89,0.27,ml,5.0,106.0,0.04604,0.21,EARTHQUAKE,0.32,0.54,0.246016867419733,5.0
44.8065,-111.543166666667,13.92,0.13,ml,8.0,104.0,0.01331,0.07,earthquake,0.38,0.84,0.156541778284542,4.0
51.2024,-178.0199,30.0,5.5,mww,147.0,42.0,0.559,1.08,EARTHQUAKE,3.97,1.809,0.046,46.0
46.8646666666667,-112.508166666667,12.35,1.32,ml,13.0,102.0,0.03554,0.08,EARTHQUAKE,0.4,0.55,0.156914233395014,10.0
62.8029,-151.0045,7.7,1.3,ml,20.0,88.0,0.05971,0.29,EARTHQUAKE,0.48,0.3,0.159,12.5
63.5246,-149.0409,4.1,1.7,ml,20.0,88.0,0.05971,0.6,EARTHQUAKE,0.48,0.3,0.159,12.5
33.8806667,-117.7993333,8.6,2.26,ml,96.0,25.0,0.04732,0.19,earthquake,0.14,0.4,0.267,26.0
37.4688,-117.2543,3.2,0.9,ml,20.0,94.3,0.169,0.1871,earthquake,0.48,4.4,0.34,4.0
58.2846666666667,-154.906333333333,4.29,-0.1,ml,6.0,165.0,0.08404,0.19,EARTHQUAKE,0.6,1.42,0.143455324283763,6.0
35.5343333333333,-84.4731666666667,9.78,2.07,md,10.0,77.0,0.09311,0.09,earthquake,0.4,1.41,0.0766039066328372,7.0
-3.813,127.8489,10.0,4.9,mb,29.0,69.0,4.481,0.72,earthquake,7.46,1.923,0.145,15.0
33.6651667,-116.75,11.94,0.56,ml,17.0,65.0,0.05823,0.15,earthquake,0.41,0.78,0.231,15.0
7.2649,126.7545,58.087,7.4,mww,56.0,35.0,1.182,1.18,earthquake,7.59,8.191,0.038,65.0
19.5310001373291,-155.761993408203,8.64999961853027,1.87,ml,34.0,119.0,0.06187,0.310000002,earthquake,0.62,0.469999999,0.62,4.0
53.0276,160.7287,40.434,4.7,mb,62.0,114.0,1.256,0.8,earthquake,8.95,7.034,0.043,161.0
52.8164,161.0671,25.879,4.6,mb,26.0,120.0,1.478,0.94,earthquake,10.65,5.765,0.132,17.0
46.1495,-122.516,8.71,1.53,ml,36.0,98.0,0.1179,0.11,earthquake,0.23,0.34,0.1813469912246486,20.0
32.8153333,-116.1273333,9.06,1.11,ml,29.0,57.0,0.03455,0.18,earthquake,0.23,0.56,0.137,29.0
19.3325,-68.3983,88.0,3.53,md,15.0,207.0,0.791,0.44,EARTHQUAKE,3.49,3.79,0.16,8.0
36.75433333,-98.09416667,3.4,1.11,ml,24.0,155.0,0.06298763968,0.3,EARTHQUAKE,0.48,1.1,0.24,10.0
33.6845,-116.7108333,14.85,0.65,ml,31.0,58.0,0.02954,0.15,earthquake,0.22,0.37,0.185,14.0
33.1788333,-115.6041667,3.23,1.14,ml,33.0,46.0,0.009718,0.19,earthquake,0.21,0.15,0.253,16.0
61.3663,-150.0864,43.4,1.2,ml,20.0,88.0,0.05971,0.41,earthquake,0.48,0.9,0.159,12.5
38.8236656188965,-122.815170288086,9.32999992370605,0.72,md,10.0,97.0,0.01839,0.05,earthquake,1.09,1.39999998,0.18,9.0
40.7015,-111.6285,7.38,0.41,md,16.0,93.0,0.09307,0.12,earthquake,0.36,1.6,0.339506465222259,10.0
54.8115,-164.025833333333,14.01,0.96,ml,4.0,214.0,0.01574,0.31,earthquake,2.51,3.68,0.229961044904314,4.0
59.2598,-137.2517,5.0,2.5,ml,15.0,135.0,0.494,0.38,earthquake,3.88,2.001,0.066,30.0
38.7625007629395,-122.730003356934,1.66999995708466,0.9,md,9.0,129.0,0.004121,0.03,earthquake,0.81,0.860000014,0.23,7.0
10.3444,-86.5812,19.426,4.2,mwr,98.0,153.0,1.183,0.53,earthquake,6.48,4.301,0.083,14.0
34.321,-116.8548333,6.57,1.28,ml,60.0,39.0,0.03521,0.14,earthquake,0.12,0.33,0.144,52.0
32.8171667,-117.0668333,3.37,1.15,ml,22.0,135.0,0.07849,0.24,earthquake,0.52,0.66,0.177,15.0
60.0478333333333,-153.054,-0.13,-0.82,ml,5.0,176.0,0.01069,0.06,earthquake,0.5,0.83,0.414030962160481,5.0
61.0536666666667,-151.989833333333,12.53,0.36,ml,10.0,300.0,0.1319,0.08,EARTHQUAKE,0.51,0.85,0.184106008409561,11.0
63.061,-150.7963,123.0,2.4,ml,20.0,88.0,0.05971,0.42,earthquake,0.48,0.6,0.159,12.5
38.7891654968262,-122.76782989502,1.86000001430511,0.99,md,11.0,105.0,0.0162,0.03,earthquake,0.34,0.649999976,0.27,10.0
34.0826667,-117.3046667,16.02,1.32,ml,84.0,24.0,0.01434,0.16,EARTHQUAKE,0.13,0.28,0.129,27.0
35.55783333,-96.746,7.14,-0.2,ml,12.0,173.0,0.01799646848,0.07,earthquake,0.48,0.4,0.27,2.0
34.0973333,-118.4005,8.79,1.08,ml,32.0,92.0,0.02144,0.18,EARTHQUAKE,0.38,0.37,0.197,31.0
33.6866667,-117.3033333,17.05,1.44,ml,51.0,45.0,0.02218,0.17,EARTHQUAKE,0.19,0.38,0.255,28.0
35.54266667,-96.7665,5.85,-1.21,ml,9.0,131.0,0.0188962919,0.04,EARTHQUAKE,0.48,0.2,0.0,1.0
19.1963333333333,-155.4865,30.11,2.39,ml,50.0,79.0,0.04678,0.1,EARTHQUAKE,0.49,0.54,0.166778741551702,38.0
60.6877,-147.7168,20.8,1.5,ml,20.0,88.0,0.05971,0.55,earthquake,0.48,0.2,0.159,12.5
37.8706666666667,-122.253166666667,8.25,1.15,md,46.0,27.0,0.001739,0.05,earthquake,0.14,0.21,0.166,29.0
33.5301667,-116.7211667,5.73,1.37,ml,65.0,26.0,0.03764,0.19,EARTHQUAKE,0.12,0.36,0.184,27.0
61.6407,-148.1637,17.6,1.1,ml,20.0,88.0,0.05971,0.55,EARTHQUAKE,0.48,0.3,0.159,12.5
34.37416667,-96.83666667,0.0,1.21,ml,40.0,142.0,0.2510507353,0.33,quarry blast,0.48,0.5,0.15,15.0
38.8380012512207,-122.879669189453,2.1800000667572,1.02,md,13.0,127.0,0.002963,0.05,EARTHQUAKE,0.37,0.479999989,0.08,14.0
35.1325,-98.01683333,6.36,0.93,ml,40.0,89.0,0.09718092979,0.4,earthquake,0.48,0.9,0.25,21.0
31.666,-104.173,6.7151,1.6,ml,39.0,61.0,0.1,0.2,earthquake,0.5150230208304488,0.6149428587822765,0.2,30.0
33.6418333,-117.0115,12.37,0.97,ml,24.0,79.0,0.008329,0.13,earthquake,0.21,0.37,0.201,18.0
58.1691666666667,-155.3215,1.04,-0.45,ml,6.0,113.0,0.04149,0.04,earthquake,0.21,1.17,0.290889446106084,5.0
52.7713,160.9003,16.444,4.8,mb,41.0,133.0,1.386,0.87,earthquake,12.07,5.282,0.047,138.0
40.7568321228027,-123.259330749512,29.2099990844727,3.09,ml,55.0,52.0,0.1512,0.16,EARTHQUAKE,0.37,1.14999998,0.348,9.0
28.978,-98.168,8.1135,1.9,ml,21.0,66.0,0.1,0.2,EARTHQUAKE,0.7563642137875005,1.4281395073573833,0.2,13.0
42.7468333333333,-111.361333333333,9.22,1.64,md,20.0,129.0,0.7029,0.18,earthquake,0.68,1.14,0.189210819364979,16.0
7.1656,127.0366,59.928,4.7,mb,53.0,77.0,1.449,0.97,earthquake,9.07,7.385,0.084,43.0
38.8375015258789,-122.836166381836,1.49000000953674,1.37,md,20.0,106.0,0.001209,0.01,earthquake,0.2,0.330000013,0.13,21.0
19.4710006713867,-155.492660522461,2.04999995231628,1.7,ml,40.0,53.0,0.03675,0.180000007,earthquake,0.32,1.28999996,0.32,5.0
19.096,-64.6668333333333,44.87,3.44,md,17.0,265.0,0.6526,0.26,earthquake,2.43,6.41,0.01680636196593,7.0
35.34983333,-97.9225,5.97,1.04,ml,58.0,54.0,0.04049205408,0.3,EARTHQUAKE,0.48,0.5,0.24,27.0
35.3601667,-117.7918333,4.41,0.9,ml,29.0,74.0,0.1025,0.17,earthquake,0.2,0.51,0.155,15.0
61.6506,-150.4826,28.1,1.5,ml,20.0,88.0,0.05971,0.87,EARTHQUAKE,0.48,0.6,0.159,12.5
58.4253333333333,-154.846166666667,6.04,-0.52,ml,7.0,166.0,0.04859,0.16,earthquake,1.02,1.34,0.186627102313369,7.0
36.5671667,-117.8451667,3.82,1.7,ml,25.0,55.0,0.03789,0.22,earthquake,0.29,0.6,0.164,25.0
59.9087,-152.736,96.8,1.8,ml,20.0,88.0,0.05971,0.27,earthquake,0.48,0.7,0.159,12.5
36.655,-96.39316667,0.0,1.14,ml,29.0,80.0,0.08368357843,0.59,QUARRY BLAST,0.48,0.8,0.11,13.0
33.985,-117.201,13.23,0.94,ml,28.0,87.0,0.08916,0.18,earthquake,0.26,0.68,0.198,25.0
38.4938,-116.4784,9.0,2.6,ml,9.0,78.84,0.53,0.1443,earthquake,0.48,3.0,0.19,4.0
38.4304,-116.4877,7.2,1.7,ml,9.0,137.85000000000002,0.496,0.1688,earthquake,0.48,5.1,0.3,4.0
31.072,-103.763,4.8694,2.0,ml,27.0,68.0,0.1,0.2,EARTHQUAKE,0.8234742125459388,1.739938001382903,0.1,18.0
53.9015,-166.972166666667,3.51,-0.29,ml,4.0,235.0,0.06736,0.23,EARTHQUAKE,1.27,3.51,0.309204181282833,4.0
66.2448,-157.4813,10.0,2.9,ml,31.0,52.0,0.19,0.84,earthquake,4.26,1.968,0.047,60.0
33.5023333,-116.5051667,14.24,0.57,ml,38.0,58.0,0.08144,0.15,earthquake,0.18,0.36,0.126,19.0
35.33283333,-97.93516667,7.09,0.97,ml,29.0,95.0,0.05938834598,0.19,earthquake,0.48,0.5,0.2,15.0
38.7944984436035,-122.753997802734,0.150000005960464,1.1,md,14.0,88.0,0.01757,0.03,earthquake,0.26,0.670000017,0.06,14.0
31.654,-104.359,6.0999,1.9,ml,41.0,70.0,0.1,0.2,earthquake,1.3783922855888422,0.5950882182599684,0.2,24.0
61.1835,-152.3275,2.71,-0.5,ml,9.0,219.0,0.01355,0.15,earthquake,0.79,0.38,0.276058034088394,9.0
33.5361667,-116.7216667,5.4,0.45,ml,30.0,42.0,0.03195,0.12,earthquake,0.14,0.36,0.148,14.0
28.816,-99.076,5.5669,1.4,ml,11.0,102.0,0.1,0.3,earthquake,2.5955631027553405,1.8548457733492771,0.1,6.0
37.8714981079102,-122.251335144043,8.85000038146973,1.73,md,38.0,37.0,0.006319,0.08,earthquake,0.19,0.360000014,0.17,30.0
38.7566666666667,-122.723666666667,1.96,0.94,md,26.0,71.0,0.005007,0.03,earthquake,0.17,0.2,0.309,22.0
32.2167,-104.6293,6.046,2.5,ml,25.0,86.0,0.557,0.46,earthquake,1.91,6.204,0.069,58.0
51.9521,159.1268,76.578,4.3,mb,33.0,137.0,1.112,0.71,earthquake,11.46,8.086,0.109,24.0
40.3940010070801,-121.969665527344,5.13000011444092,2.85,md,40.0,45.0,0.1448,0.25,earthquake,0.36,1.54999995,0.11,32.0
65.1699,-150.0841,11.1,1.6,ml,20.0,88.0,0.05971,0.6,earthquake,0.48,0.3,0.159,12.5
61.3273333333333,-152.2425,2.59,-0.21,ml,11.0,127.0,0.07496,0.1,EARTHQUAKE,0.3,0.62,0.145435524305944,11.0
1.5646,122.9748,10.0,4.6,mb,50.0,55.0,1.868,1.39,earthquake,4.44,1.872,0.093,34.0
28.749,-98.461,8.9194,1.2,ml,10.0,78.0,0.1,0.1,earthquake,0.5636962014600803,0.6984284011525816,0.1,6.0
61.3381666666667,-152.107166666667,-3.16,-0.14,ml,9.0,160.0,0.0622,0.33,earthquake,0.98,3.38,0.149019662278079,9.0
58.2595,-154.962333333333,3.32,0.11,ml,5.0,150.0,0.06516,0.18,earthquake,0.56,1.97,0.291973678941861,5.0
44.7583333333333,-111.087166666667,9.49,0.9,ml,12.0,99.0,0.04026,0.16,EARTHQUAKE,0.43,0.94,0.165501965376345,4.0
31.714,-104.26,6.6766,1.8,ml,38.0,63.0,0.0,0.1,earthquake,0.4942838390661014,0.4935718388203413,0.1,24.0
17.8163333333333,-66.8528333333333,12.63,2.25,md,11.0,231.0,0.1598,0.1,EARTHQUAKE,0.56,0.41,0.0537711018117881,5.0
34.0443333,-117.2905,15.72,0.93,ml,19.0,241.0,0.08688,0.11,earthquake,0.64,0.51,0.298,29.0
31.622,-104.005,8.4454,2.4,ml,39.0,31.0,0.0,0.2,earthquake,0.4462375801455375,0.3290310878519568,0.1,21.0
36.8913,-104.8257,5.0,0.8,ml,6.0,145.0,0.094,0.35,earthquake,2.1,1.92,0.105,12.0
47.49283333333333,-122.5505,20.88,1.29,ml,18.0,89.0,0.1482,0.1,EARTHQUAKE,0.27,0.7,0.0866943376902116,11.0
37.461498260498,-121.722999572754,9.88000011444092,1.17,md,9.0,92.0,0.06257,0.05,earthquake,0.43,1.33000004,0.13,5.0
53.8428333333333,-166.908666666667,4.79,0.41,ml,7.0,155.0,0.0396,0.16,earthquake,0.49,1.33,0.204222239501576,7.0
35.52983333,-96.7575,6.0,0.68,ml,35.0,59.0,0.01259752794,0.13,earthquake,0.48,0.2,0.22,10.0
46.8823333333333,-112.529833333333,12.9,0.73,ml,9.0,122.0,0.05507,0.15,earthquake,1.0,0.93,0.345088724724599,5.0
31.611,-104.189,1.8958,1.6,ml,15.0,66.0,0.1,0.1,earthquake,1.5694375327367154,1.3735529459542026,0.1,7.0
34.39766667,-97.46866667,6.9,1.21,ml,16.0,88.0,0.03419329011,0.2,earthquake,0.48,0.6,0.19,9.0
53.2332,159.6353,67.199,4.6,mb,92.0,101.0,0.63,0.58,EARTHQUAKE,9.11,6.77,0.049,126.0
53.4006666666667,-167.289166666667,17.84,0.84,ml,12.0,201.0,0.4519,0.21,earthquake,1.33,0.98,0.223692467093892,12.0
61.5125,-151.2239,12.9,1.3,ml,20.0,88.0,0.05971,0.77,EARTHQUAKE,0.48,0.3,0.159,12.5
36.584,-121.139333333333,5.32,1.13,md,18.0,114.0,0.08049,0.17,earthquake,0.51,1.25,0.217,11.0
62.9283,-150.5907,87.4,1.7,ml,20.0,88.0,0.05971,0.59,earthquake,0.48,0.7,0.159,12.5
37.5628318786621,-121.670669555664,8.57999992370605,0.98,md,8.0,70.0,0.08219,0.06,earthquake,0.41,1.91999996,0.24,6.0
54.7525,-163.974833333333,-1.17,0.14,ml,4.0,113.0,0.04504,0.15,earthquake,0.38,0.34,0.259758530159762,4.0
36.028,-96.54166667,0.0,1.55,ml,69.0,59.0,0.1880630956,0.36,quarry blast,0.48,0.3,0.18,32.0
28.755,-98.463,8.7944,2.1,ml,21.0,53.0,0.0,0.1,earthquake,0.4600579931652422,0.6456424087551907,0.1,13.0
44.565,-112.216666666667,6.05,0.78,ml,12.0,131.0,0.1301,0.09,earthquake,0.54,2.41,0.154359168429543,12.0
35.91483333,-95.1625,0.0,1.89,ml,55.0,106.0,0.2753459677,0.32,quarry blast,0.48,0.3,0.22,13.0
17.9418333333333,-66.9076666666667,12.64,2.27,md,8.0,213.0,0.04269,0.13,earthquake,1.04,0.45,0.143176304143386,6.0
60.4289,-147.3779,17.5,2.2,ml,20.0,88.0,0.05971,0.61,earthquake,0.48,0.2,0.159,12.5
32.39,-102.141,7.1045,0.8,ml,31.0,52.0,0.0,0.2,EARTHQUAKE,0.5003609401780572,0.4953996326798564,0.1,16.0
33.9306667,-117.1975,13.83,1.42,ml,56.0,63.0,0.02646,0.19,EARTHQUAKE,0.15,0.39,0.275,27.0
38.7908325195312,-122.780166625977,2.08999991416931,1.04,md,9.0,120.0,0.006495,0.01,earthquake,0.42,0.660000026,0.18,9.0
60.0161666666667,-153.091833333333,1.49,-1.08,ml,5.0,114.0,0.03683,0.08,earthquake,0.33,0.45,0.313708274501377,5.0
38.8308334350586,-122.820831298828,1.96000003814697,0.21,md,7.0,108.0,0.01382,0.01,EARTHQUAKE,0.59,2.3900001,0.08,8.0
33.4713333,-116.8976667,11.75,1.25,ml,56.0,30.0,0.01552,0.21,EARTHQUAKE,0.17,0.45,0.173,27.0
35.51566667,-96.79333333,1.47,-0.6,ml,6.0,299.0,0.04949028832,0.04,earthquake,0.48,1.8,0.0,1.0
37.4331,-117.3097,12.4,0.9,ml,10.0,158.41000000000005,0.139,0.149,earthquake,0.48,2.7,0.26,3.0
31.733,-104.108,7.8943,3.6,ml,31.0,60.0,0.0,0.1,earthquake,0.550456927806001,0.515676343288772,0.2,27.0
38.8448333333333,-122.877166666667,2.55,0.17,md,13.0,145.0,0.008226,0.05,earthquake,0.4,0.6,0.193,12.0
33.1665,-116.418,8.65,0.55,ml,34.0,47.0,0.09056,0.18,earthquake,0.22,0.78,0.121,27.0
63.3005,-151.499,9.3,1.4,ml,20.0,88.0,0.05971,0.9,earthquake,0.48,0.5,0.159,12.5
38.7695007324219,-122.738334655762,0.5,0.67,md,8.0,77.0,0.01316,0.01,earthquake,0.3,0.720000029,0.25,7.0
58.3006666666667,-154.988166666667,2.88,0.02,ml,6.0,195.0,0.04022,0.09,earthquake,0.55,0.67,0.342693500915644,6.0
17.9126,-68.4735,73.0,4.32,md,26.0,202.0,0.6083,0.69,earthquake,3.8,4.92,0.05,13.0
19.7805,-156.0655,40.52,2.71,ml,53.0,197.0,0.2365,0.13,EARTHQUAKE,0.57,0.89,0.188683028876152,22.0
38.8141670227051,-122.828498840332,1.04999995231628,1.58,md,27.0,47.0,0.005318,0.03,earthquake,0.15,0.310000002,0.16,26.0
19.2548333333333,-155.364333333333,30.97,1.46,md,32.0,146.0,0.03576,0.1,EARTHQUAKE,0.64,0.57,0.0497724802937902,9.0
39.2551,28.9454,10.0,5.2,mww,116.0,36.0,1.475,0.88,earthquake,4.87,1.774,0.055,32.0
36.8968,-116.2356,10.1,0.2,ml,25.0,40.66999999999999,0.015,0.0974,earthquake,0.48,0.7,0.48,9.0
38.8079986572266,-122.794334411621,3.09999990463257,0.87,md,14.0,57.0,0.0007574,0.02,EARTHQUAKE,0.33,0.639999986,0.19,14.0
38.8126678466797,-122.779663085938,0.569999992847443,0.77,md,9.0,72.0,0.0009929,0.02,earthquake,0.3,0.610000014,0.36,9.0
33.8913333,-117.2145,13.29,0.76,ml,34.0,65.0,0.03059,0.2,EARTHQUAKE,0.23,0.68,0.208,24.0
61.2565,-146.9227,20.7,1.1,ml,20.0,88.0,0.05971,0.46,earthquake,0.48,6.4,0.159,12.5
54.7496666666667,-163.974666666667,-0.34,0.57,ml,4.0,111.0,0.04236,0.06,earthquake,0.27,0.47,0.33593156367932,4.0
59.5322,-152.4028,81.1,1.9,ml,20.0,88.0,0.05971,0.63,earthquake,0.48,0.7,0.159,12.5
44.792,-110.826833333333,4.47,0.7,ml,14.0,104.0,0.01725,0.17,EARTHQUAKE,0.5,0.57,0.415710899474744,3.0
34.268,-117.0773333,4.69,1.56,ml,72.0,30.0,0.06058,0.15,earthquake,0.13,0.42,0.138,48.0
58.3783,-136.8186,0.0,2.4,ml,20.0,88.0,0.05971,1.0,earthquake,0.48,0.5,0.159,12.5
32.005,-103.812,7.2919,1.7,ml,18.0,72.0,0.0,0.1,earthquake,0.491036636555841,0.5913891637461967,0.1,6.0
31.731,-104.096,6.8561,1.7,ml,37.0,58.0,0.0,0.2,earthquake,0.3968407065068011,0.4559247509490809,0.2,28.0
31.691,-103.188,4.6643,1.3,ml,19.0,55.0,0.1,0.2,earthquake,0.9100003547988992,0.7870515653327834,0.1,8.0
46.8605,-121.74733333333332,-2.3,1.25,ml,28.0,92.0,0.0146,0.06,earthquake,0.16,0.3,0.185884040349087,16.0
44.7355,-110.865166666667,4.6,0.55,ml,10.0,83.0,0.05385,0.15,earthquake,0.34,0.9,0.177587426365056,3.0
0.8991,92.8019,10.0,4.9,mb,37.0,54.0,4.789,0.88,EARTHQUAKE,10.19,1.877,0.114,24.0
37.5298333333333,-118.830166666667,4.9,1.06,md,24.0,111.0,0.06009,0.03,earthquake,0.34,0.78,0.064,15.0
35.61333333,-98.04716667,7.08,1.14,ml,63.0,79.0,0.1700666271,0.16,earthquake,0.48,0.4,0.27,26.0
17.9145,-66.675,6.52,2.25,md,9.0,199.0,0.1434,0.09,earthquake,0.41,0.26,0.184734513750872,5.0
52.1441,160.4948,10.0,4.9,mb,60.0,124.0,1.429,0.83,earthquake,9.38,1.887,0.053,112.0
53.0496,160.3602,35.0,5.0,mb,56.0,130.0,1.033,0.57,earthquake,10.74,1.93,0.086,43.0
32.185,-101.0,8.0322,1.3,ml,13.0,79.0,0.3,0.2,earthquake,1.245607625738965,1.7402510668413158,0.1,4.0
33.1628333,-116.4205,9.42,1.52,ml,65.0,28.0,0.08658,0.18,earthquake,0.15,0.47,0.181,56.0
32.106,-101.923,8.3008,1.4,ml,34.0,36.0,0.1,0.1,earthquake,0.3261761100669934,0.8174008871662874,0.1,18.0
32.4106667,-115.4813333,7.18,1.52,ml,27.0,62.0,0.1524,0.18,earthquake,0.27,0.95,0.11,22.0
60.722,-150.6032,46.2,1.4,ml,20.0,88.0,0.05971,0.56,EARTHQUAKE,0.48,0.8,0.159,12.5
31.367,-103.508,6.0486,1.9,ml,30.0,63.0,0.0,0.2,earthquake,0.6620742034207889,0.8023539395977664,0.1,31.0
33.451,-116.6281667,10.05,1.11,ml,34.0,39.0,0.01578,0.14,earthquake,0.16,0.3,0.143,22.0
-22.0098,-68.7945,102.257,4.2,mb,21.0,78.0,0.467,0.76,earthquake,4.84,4.855,0.186,8.0
39.5119,-99.319,9.265,2.8,mb_lg,32.0,50.0,1.187,0.37,earthquake,4.82,7.827,0.057,82.0
32.116,-101.926,7.9346,1.7,ml,31.0,59.0,0.1,0.1,earthquake,0.4806265606512238,0.7775008357403982,0.0,7.0
35.9403333,-117.679,4.86,0.9,ml,24.0,66.0,0.02442,0.11,earthquake,0.15,0.36,0.141,19.0
62.3002,-148.6755,29.3,1.5,ml,20.0,88.0,0.05971,0.26,earthquake,0.48,0.4,0.159,12.5
49.0164,156.5566,10.0,4.5,mb,48.0,136.0,4.16,0.98,earthquake,10.09,1.9,0.078,49.0
28.973,-98.174,7.8043,1.4,ml,22.0,64.0,0.1,0.3,earthquake,0.8321882792913112,0.8293357666325522,0.1,12.0
28.972,-98.169,8.0116,1.0,ml,11.0,79.0,0.1,0.1,earthquake,0.960270114047612,1.8706339445252809,0.2,6.0
36.8950004577637,-121.61799621582,0.230000004172325,1.92,md,8.0,109.0,0.02337,0.04,earthquake,0.76,1.24000001,0.16,7.0
32.334,-101.536,6.3232,0.9,ml,12.0,63.0,0.1,0.1,earthquake,0.6160680605851672,0.9642535767513448,0.2,7.0
39.530834197998,-123.007835388184,9.32999992370605,1.72,md,10.0,178.0,0.05453,0.09,earthquake,0.83,1.25999999,0.14,7.0
38.7973327636719,-122.814002990723,3.66000008583069,0.26,md,8.0,92.0,0.0124,0.01,EARTHQUAKE,0.59,1.73000002,0.05,8.0
33.1431667,-116.5545,16.64,1.13,ml,54.0,31.0,0.07177,0.18,earthquake,0.17,0.41,0.166,25.0
36.5341666666667,-121.140333333333,4.84,0.64,md,9.0,79.0,0.05215,0.2,earthquake,0.51,1.5,0.266,7.0
38.7843322753906,-122.737167358398,0.449999988079071,1.29,md,15.0,82.0,0.001147,0.03,earthquake,0.23,0.400000006,0.2,16.0
31.622,-104.522,5.8435,2.5,ml,35.0,75.0,0.1,0.2,EARTHQUAKE,0.9648975959789424,0.7592807972520238,0.2,19.0
53.3109,159.8017,32.94,4.1,mb,26.0,115.0,0.751,0.68,earthquake,10.29,5.989,0.117,20.0
56.354,-156.5619,44.5,4.6,ml,20.0,88.0,0.05971,0.54,earthquake,0.48,0.7,0.159,12.5
38.8271675109863,-122.816329956055,3.58999991416931,1.05,md,11.0,150.0,0.00617,0.11,earthquake,0.65,1.74000001,0.3,11.0
35.24066667,-97.7645,4.58,1.03,ml,53.0,46.0,0.008098410816,0.42,earthquake,0.48,0.7,0.24,23.0
36.15916667,-97.04316667,7.87,0.89,ml,29.0,98.0,0.1196765154,0.19,earthquake,0.48,0.7,0.15,9.0
44.7415,-110.6695,5.05,1.29,ml,10.0,155.0,0.0269,0.2,EARTHQUAKE,1.01,0.63,0.631978637761267,3.0
53.9328333333333,-166.699833333333,5.15,-0.27,ml,6.0,126.0,0.03674,0.17,EARTHQUAKE,0.51,1.07,0.264448031616183,6.0
28.681,-98.25,12.3039,1.5,mlv,8.0,68.0,0.1,0.5,earthquake,0.0,5.233011245727539,0.1,6.0
38.7878341674805,-122.74983215332,0.660000026226044,1.29,md,15.0,83.0,0.01123,0.02,earthquake,0.22,0.479999989,0.08,15.0
17.9751666666667,-66.8451666666667,18.04,2.26,md,11.0,190.0,0.0222,0.13,earthquake,0.45,0.63,0.08062454258013,6.0
31.773,-103.783,6.3562,1.1,ml,15.0,76.0,0.0,0.1,earthquake,0.70656958524663,1.3482946622509655,0.1,7.0
35.3533333,-117.7926667,5.18,0.97,ml,35.0,76.0,0.09611,0.18,earthquake,0.19,0.96,0.16,17.0
20.0408333333333,-155.805833333333,22.56,2.08,ml,28.0,186.0,0.0882,0.12,earthquake,0.55,0.85,0.108615653312413,12.0
35.9855,-97.96133333,5.33,1.26,ml,22.0,82.0,0.03779258381,0.13,earthquake,0.48,0.4,0.22,9.0
38.7916679382324,-122.776168823242,1.26999998092651,1.57,md,26.0,79.0,0.009305,0.04,earthquake,0.22,0.340000004,0.14,27.0
38.8156661987305,-122.767166137695,1.67999994754791,2.05,md,40.0,44.0,0.01083,0.08,earthquake,0.19,0.319999993,0.17,39.0
28.979,-98.168,7.9928,1.1,ml,14.0,70.0,0.1,0.3,earthquake,0.9961572972240096,1.4216709697276226,0.1,6.0
35.53783333,-96.756,7.23,1.59,ml,77.0,48.0,0.01529699821,0.18,earthquake,0.48,0.3,0.22,35.0
35.8626667,-117.693,7.44,0.94,ml,24.0,86.0,0.09062,0.14,earthquake,0.21,0.58,0.232,18.0
28.972,-98.178,7.2208,1.1,ml,14.0,79.0,0.1,0.3,earthquake,1.0926022964693185,1.2231274496503746,0.0,5.0
35.5153333333333,-120.7755,6.74,2.26,md,57.0,40.0,0.05947,0.06,earthquake,0.14,0.36,0.112,49.0
62.2261,-149.9078,52.7,1.7,ml,20.0,88.0,0.05971,0.22,earthquake,0.48,0.6,0.159,12.5
53.567,159.7568,69.142,4.2,mb,28.0,159.0,0.859,0.92,earthquake,13.52,9.645,0.124,18.0
18.731,-67.2918333333333,25.55,3.32,md,22.0,295.0,0.2736,0.14,earthquake,0.55,1.29,0.0529879530597261,9.0
38.7888336181641,-122.767333984375,2.6800000667572,0.75,md,10.0,95.0,0.01319,0.01,earthquake,0.53,1.19000006,0.13,9.0
46.2055,-122.18616666666668,2.96,0.04,ml,15.0,67.0,0.005322,0.05,earthquake,0.26,0.61,0.0880647405985491,4.0
34.40033333,-97.47216667,6.6,1.15,ml,16.0,119.0,0.03689276038,0.17,EARTHQUAKE,0.48,0.6,0.14,8.0
-2.8749,136.3381,10.0,4.5,mb,18.0,129.0,1.789,1.16,EARTHQUAKE,5.63,1.941,0.156,12.0
30.892,-103.461,1.8958,1.5,ml,23.0,69.0,0.1,0.2,earthquake,0.7980771854752239,1.1117039834534146,0.2,14.0
35.34116667,-97.93333333,9.17,0.96,ml,22.0,93.0,0.05128993517,0.08,earthquake,0.48,0.5,0.2,10.0
43.3935,-111.0868,4.972,2.5,ml,68.0,41.0,0.135,0.85,EARTHQUAKE,1.6,5.639,0.032,130.0
6.741,-73.0377,162.163,4.3,mb,30.0,112.0,2.276,0.64,earthquake,10.95,10.904,0.051,110.0
36.896,-116.2368,11.1,2.8,ml,60.0,27.220000000000027,0.014,0.1363,EARTHQUAKE,0.48,0.4,0.32,21.0
31.967,-103.34,1.2292,1.7,ml,19.0,67.0,0.0,0.2,earthquake,0.7163670445007931,1.1095148004846933,0.1,5.0
44.812,-111.538833333333,8.83,0.7,ml,13.0,109.0,0.01801,0.12,earthquake,0.32,0.86,0.0816665129796506,10.0
38.8224983215332,-122.808334350586,2.57999992370605,1.08,md,16.0,43.0,0.01772,0.02,earthquake,0.25,0.670000017,0.16,16.0
19.2593333333333,-155.373,32.64,1.7,ml,39.0,137.0,0.03174,0.13,earthquake,0.44,0.54,0.19103703894738,10.0
53.0558,161.1184,10.0,4.0,mb,26.0,146.0,1.491,1.04,earthquake,9.91,1.941,0.108,23.0
12.0246,-88.4486,10.0,4.5,mb,60.0,177.0,1.441,0.69,earthquake,7.32,1.976,0.076,51.0
34.4381667,-119.8495,4.07,1.84,ml,29.0,51.0,0.02573,0.21,earthquake,0.31,0.68,0.109,47.0
33.7098333,-117.0666667,11.26,1.02,ml,50.0,32.0,0.05433,0.15,earthquake,0.15,0.23,0.231,30.0
38.445,-116.4919,9.9,1.2,ml,5.0,160.09000000000003,0.499,0.0351,earthquake,0.48,7.2,0.09,3.0
57.9648,-154.6772,42.6,1.2,ml,20.0,88.0,0.05971,0.32,EARTHQUAKE,0.48,0.8,0.159,12.5
31.749,-104.183,6.8689,1.5,ml,35.0,88.0,0.0,0.2,EARTHQUAKE,0.5225611151703083,0.4866661883042346,0.2,20.0
51.9591666666667,178.343666666667,8.84,1.16,ml,4.0,343.0,0.1043,0.08,earthquake,3.76,3.13,0.346104948621796,4.0
63.1767,-151.6363,0.2,1.9,ml,20.0,88.0,0.05971,0.69,earthquake,0.48,0.4,0.159,12.5
64.9482,-147.9886,10.1,1.5,ml,20.0,88.0,0.05971,1.06,earthquake,0.48,0.4,0.159,12.5
46.1825,-120.51766666666668,14.45,0.96,ml,6.0,118.0,0.111,0.1,earthquake,0.45,1.52,0.2351793419979944,4.0
37.7996666666667,-122.206333333333,10.26,1.6,md,88.0,29.0,0.02805,0.1,EARTHQUAKE,0.13,0.22,0.234,53.0
41.1661,-116.7268,8.0,2.0,ml,7.0,252.52,0.301,0.139,earthquake,0.48,2.8,0.2,3.0
47.498,-113.835833333333,16.18,0.22,ml,8.0,128.0,0.1111,0.07,earthquake,0.64,0.99,0.0835211705242287,2.0
36.77,-116.2591,9.5,0.0,ml,14.0,57.44,0.033,0.0956,earthquake,0.48,1.2,0.0,1.0
33.49,-116.435,14.43,0.61,ml,20.0,77.0,0.1398,0.11,earthquake,0.18,0.5,0.106,9.0
32.9488333,-116.4581667,9.02,0.83,ml,24.0,50.0,0.04606,0.15,EARTHQUAKE,0.21,0.51,0.14,10.0
46.89216666666667,-121.89316666666669,9.42,0.94,ml,36.0,65.0,0.03678,0.16,earthquake,0.22,0.38,0.1330356504195622,18.0
53.9473333333333,-166.677666666667,9.4,1.23,ml,8.0,140.0,0.02066,0.12,EARTHQUAKE,0.41,0.57,0.254606408589286,8.0
60.0656666666667,-153.013166666667,2.61,-0.3,ml,4.0,279.0,0.02664,0.1,earthquake,1.48,1.18,0.319224175750111,4.0
52.169,160.3911,10.0,4.3,mb,23.0,123.0,1.364,1.06,earthquake,6.71,1.912,0.114,22.0
28.832,-98.959,11.1837,1.7,ml,6.0,103.0,0.4,0.4,earthquake,0.0,7.466611862182617,0.2,6.0
38.4412,-116.4979,6.3,2.1,ml,7.0,112.55,0.493,0.1344,earthquake,0.48,3.7,0.13,3.0
13.7961,144.9025,127.061,4.5,mb,30.0,81.0,0.208,0.72,earthquake,6.39,4.643,0.108,25.0
44.5625,-112.226,3.96,1.43,ml,24.0,87.0,0.1242,0.17,earthquake,0.4,8.05,0.136915151223005,25.0
52.7932,160.9504,13.417,4.4,mb,28.0,119.0,1.412,1.04,EARTHQUAKE,10.56,5.105,0.11,24.0
38.8286666666667,-122.813333333333,1.66,0.24,md,17.0,44.0,0.01994,0.04,earthquake,0.17,0.38,0.252,17.0
32.896,-116.2435,8.95,0.77,ml,32.0,91.0,0.07714,0.2,EARTHQUAKE,0.25,0.58,0.161,11.0
38.7794990539551,-122.717330932617,2.04999995231628,1.49,md,12.0,75.0,0.01561,0.02,earthquake,0.31,0.560000002,0.12,11.0
38.8250007629395,-122.806503295898,2.86999988555908,0.89,md,11.0,99.0,0.0184,0.08,EARTHQUAKE,0.64,1.30999994,0.2,12.0
60.6061,-149.0954,9.3,1.6,ml,20.0,88.0,0.05971,0.7,earthquake,0.48,0.3,0.159,12.5
35.8975,-117.6738333,3.75,0.57,ml,16.0,55.0,0.05378,0.1,earthquake,0.16,0.41,0.106,11.0
29.037,-97.88,8.3408,1.8,ml,9.0,73.0,0.1,0.1,earthquake,0.5189605320301491,0.9364052615542132,0.1,12.0
41.2343,-116.6779,9.1,1.4,ml,7.0,256.62,0.317,0.2221,EARTHQUAKE,0.48,3.2,0.06,3.0
28.4417,139.5746,421.007,4.2,mb,44.0,52.0,2.673,0.62,EARTHQUAKE,11.59,8.236,0.064,69.0
38.8226661682129,-122.808502197266,2.58999991416931,0.77,md,12.0,60.0,0.001427,0.01,earthquake,0.25,1.03999996,0.23,15.0
58.2471666666667,-155.132833333333,29.14,0.87,ml,10.0,137.0,0.04715,0.08,earthquake,0.35,0.49,0.23202049187544,10.0
53.0958,161.2925,23.864,4.6,mb,47.0,167.0,1.596,0.72,earthquake,11.04,6.486,0.054,103.0
32.459,-102.032,7.8613,1.8,ml,50.0,49.0,0.1,0.1,earthquake,0.3761992871437151,0.7302679234496521,0.1,28.0
45.877,-122.45383333333334,-0.47,1.59,ml,30.0,74.0,0.06052,0.12,EXPLOSION,0.45,31.61,0.1054231384623543,21.0
33.6848333,-116.7896667,16.45,0.81,ml,33.0,66.0,0.0711,0.15,earthquake,0.18,0.38,0.205,23.0
43.4777,-127.2185,10.0,5.9,mww,85.0,167.0,2.318,1.17,EARTHQUAKE,7.69,1.869,0.037,69.0
44.7951666666667,-110.855166666667,4.81,0.63,md,14.0,109.0,0.007601,0.17,earthquake,0.29,0.45,0.151751613271075,11.0
31.97,-102.339,6.4453,0.8,ml,12.0,91.0,0.0,0.1,earthquake,0.9382250276881928,0.9080428729470766,0.0,6.0
67.7426,-157.3473,12.869,2.6,ml,17.0,94.0,0.29,1.03,earthquake,3.03,4.708,0.05,52.0
63.1661,-150.8149,125.3,2.8,ml,20.0,88.0,0.05971,0.39,earthquake,0.48,0.6,0.159,12.5
61.308,-152.291,0.43,-0.18,ml,5.0,143.0,0.06282,0.08,earthquake,0.31,2.89,0.0959919628993595,5.0
31.732,-104.096,6.9843,1.8,ml,41.0,47.0,0.0,0.2,earthquake,0.3680445635752676,0.4318834814385695,0.2,24.0
48.9057,154.8053,10.0,5.6,mb,111.0,62.0,4.785,0.97,earthquake,9.99,1.752,0.023,685.0
33.7675,-117.5221667,5.95,-0.02,ml,7.0,79.0,0.0775,0.08,earthquake,0.22,0.92,0.135,6.0
37.5908317565918,-122.458831787109,8.75,1.44,md,12.0,84.0,0.03197,0.02,earthquake,0.48,0.819999993,0.39,8.0
29.044,-97.894,6.9519,2.0,ml,19.0,73.0,0.1,0.2,earthquake,0.6875496201141804,0.5467020480463854,0.1,7.0
32.7616667,-115.6171667,10.33,1.52,ml,28.0,68.0,0.004775,0.22,earthquake,0.33,0.47,0.154,29.0
33.0193333,-117.5888333,18.83,2.32,ml,57.0,114.0,0.2501,0.16,earthquake,0.24,0.4,0.181,107.0
52.935,160.5494,35.662,4.4,mb,33.0,165.0,1.152,0.67,earthquake,9.89,8.619,0.1,29.0
33.1625,-116.4213333,8.41,1.7,ml,60.0,23.0,0.08614,0.18,earthquake,0.15,0.57,0.188,67.0
33.4895,-116.7653333,8.56,1.1,ml,58.0,22.0,0.03851,0.18,earthquake,0.13,0.42,0.149,25.0
35.5365,-96.76116667,5.64,0.11,ml,16.0,101.0,0.008998234239,0.12,earthquake,0.48,0.3,0.15,3.0
37.9860000610352,-122.450164794922,1.6599999666214,1.39,md,11.0,112.0,0.02509,0.06,earthquake,0.45,0.419999987,0.18,7.0
59.949,-153.151833333333,11.62,-0.32,ml,4.0,289.0,0.03463,0.21,earthquake,2.28,1.31,0.125626723311912,4.0
39.31,-122.793,4.82,1.51,md,16.0,48.0,0.08846,0.12,earthquake,0.3,1.29,0.286,12.0
51.7165,-178.744,15.87,0.8,ml,8.0,143.0,0.04789,0.1,EARTHQUAKE,1.03,0.92,0.178408992634311,8.0
57.2439,-157.0579,14.6,2.0,ml,20.0,88.0,0.05971,0.87,earthquake,0.48,0.3,0.159,12.5
31.762,-101.939,7.2998,1.4,ml,31.0,58.0,0.1,0.2,earthquake,0.504826769819159,1.3473105814421915,0.1,18.0
38.7801666259766,-122.656997680664,6.23000001907349,0.98,md,6.0,207.0,0.1015,0.05,earthquake,3.12,8.23999977,0.23,2.0
46.0088333333333,-112.463333333333,-2.0,1.94,ml,10.0,119.0,0.06346,0.18,QUARRY BLAST,0.58,31.61,0.253179075915137,31.0
38.8230018615723,-122.759498596191,1.5900000333786,1.43,md,28.0,131.0,0.01104,0.04,earthquake,0.23,0.330000013,0.17,28.0
39.8435,-123.340833333333,7.53,1.53,md,25.0,61.0,0.06912,0.21,earthquake,0.35,0.76,0.165,16.0
51.2698,159.6813,10.0,4.5,mb,54.0,137.0,1.868,0.98,earthquake,10.75,1.909,0.083,43.0
63.2382,-148.9116,59.5,1.9,ml,20.0,88.0,0.05971,0.65,EARTHQUAKE,0.48,0.9,0.159,12.5
15.5347,120.0164,57.907,4.7,mb,60.0,80.0,7.314,0.88,EARTHQUAKE,9.33,2.068,0.087,40.0
58.1751666666667,-155.331,1.56,0.49,ml,12.0,74.0,0.03532,0.06,earthquake,0.15,0.42,0.322770944764246,13.0
51.5783,-179.4936,76.304,4.3,mb,50.0,162.0,0.424,0.85,earthquake,8.11,7.662,0.061,77.0
44.5765,-112.213,2.83,1.22,ml,15.0,115.0,0.1306,0.07,EARTHQUAKE,0.39,0.81,0.0742450806290267,10.0
32.116,-101.508,6.7627,1.0,ml,12.0,85.0,0.1,0.1,earthquake,0.7206089702629328,0.9216131276837078,0.1,10.0
38.9136666666667,-123.257166666667,-0.49,1.24,md,23.0,71.0,0.05168,0.08,earthquake,0.13,0.51,0.08,14.0
61.3058333333333,-152.280333333333,-2.53,-0.36,ml,7.0,204.0,0.04729,0.21,earthquake,0.64,2.47,0.354760894785648,7.0
38.8354988098145,-122.799163818359,1.63999998569489,1.33,md,19.0,63.0,0.007476,0.01,earthquake,0.19,0.400000006,0.12,19.0
31.525,-104.018,6.9714,2.0,ml,15.0,58.0,0.0,0.1,earthquake,0.6630902434665684,0.502144348640926,0.1,13.0
36.6664,-116.426,1.7,0.4,ml,11.0,248.29,0.052,0.1214,EARTHQUAKE,0.48,13.4,0.44,3.0
38.7809982299805,-122.755332946777,1.42999994754791,1.25,md,18.0,71.0,0.0131,0.03,earthquake,0.25,0.449999988,0.2,17.0
44.5761666666667,-112.203833333333,8.86,0.83,ml,11.0,130.0,0.1372,0.09,earthquake,0.41,2.14,0.0999685951313724,12.0
60.1293,-152.6766,105.6,2.2,ml,20.0,88.0,0.05971,0.35,earthquake,0.48,0.9,0.159,12.5
31.967,-103.799,7.9456,1.2,ml,33.0,69.0,0.0,0.2,earthquake,0.6138179615338656,0.692813555496561,0.2,15.0
36.7644,-116.2328,5.0,0.3,ml,35.0,44.01000000000002,0.031,0.0814,earthquake,0.48,0.8,0.29,10.0
44.7973333333333,-110.8515,3.97,0.56,md,9.0,110.0,0.009031,0.12,EARTHQUAKE,0.43,0.55,0.180130457722309,7.0
32.9336667,-116.2276667,10.67,0.69,ml,39.0,43.0,0.067,0.21,earthquake,0.22,0.55,0.192,11.0
62.8168,-149.1739,6.5,1.2,ml,20.0,88.0,0.05971,0.44,EARTHQUAKE,0.48,0.4,0.159,12.5
28.816,-99.039,4.3206,1.7,ml,16.0,83.0,0.1,0.4,earthquake,2.5707555283093866,1.5924492992145276,0.1,10.0
34.40833333,-97.45766667,4.24,1.24,ml,25.0,106.0,0.04679081805,0.3,earthquake,0.48,1.0,0.25,11.0
48.84866666666667,-122.8075,17.12,1.82,ml,25.0,67.0,0.07912,0.13,earthquake,0.26,0.56,0.2017940501513184,21.0
35.0298333,-117.6805,-0.82,1.07,ml,24.0,66.0,0.0961,0.12,quarry blast,0.32,31.61,0.104,25.0
33.2306667,-115.6663333,1.89,1.03,ml,7.0,150.0,0.05995,0.15,EARTHQUAKE,1.3,2.11,0.243,4.0
19.3383331298828,-155.183334350586,4.07999992370605,1.76,ml,31.0,155.0,0.04299,0.209999993,earthquake,0.47,1.37,1.17,3.0
28.63,-97.923,5.0,1.6,ml,5.0,221.0,0.2,0.3,earthquake,0.0,0.779999971,0.3,5.0
31.794,-104.258,4.9207,1.6,ml,38.0,76.0,0.0,0.2,earthquake,0.738824047689928,0.8366876372709781,0.2,13.0
31.637,-104.144,1.9214,1.7,ml,16.0,56.0,0.1,0.1,earthquake,0.5998815584850845,0.9593951321700424,0.1,6.0
58.3918333333333,-154.514166666667,5.85,0.02,ml,6.0,229.0,0.1036,0.26,earthquake,1.51,3.93,0.269033070105398,6.0
18.0841,-68.476,90.0,3.65,md,19.0,216.0,0.4401,0.51,earthquake,3.02,2.49,0.05,7.0
36.675,-116.1222,1.2,-0.2,ml,11.0,255.22000000000003,0.028,0.0399,earthquake,0.48,2.9,0.19,3.0
44.8101666666667,-111.536333333333,11.04,0.68,ml,13.0,107.0,0.01896,0.21,earthquake,0.51,0.86,0.157445073670251,10.0
57.0275,-135.627166666667,5.39,0.69,ml,5.0,192.0,0.04773,0.06,earthquake,0.79,0.85,0.187528804904988,5.0
32.169,-101.802,7.1533,1.1,ml,23.0,62.0,0.1,0.1,earthquake,0.5565737916086358,0.7951323542995498,0.2,14.0
35.474,-115.5331667,-1.27,2.64,ml,13.0,145.0,0.01933,0.2,earthquake,0.6,1.12,0.126,112.0
58.3515,-154.9275,4.81,-0.1,ml,8.0,135.0,0.07363,0.26,EARTHQUAKE,0.77,1.68,0.187983060916422,8.0
64.998,-147.489,0.0,1.1,ml,20.0,88.0,0.05971,1.23,earthquake,0.48,0.6,0.159,12.5
6.9947,126.7969,63.461,5.6,mb,60.0,74.0,1.211,0.86,EARTHQUAKE,6.79,6.215,0.072,67.0
35.53583333,-96.75166667,6.71,1.42,ml,72.0,48.0,0.01169770451,0.2,earthquake,0.48,0.2,0.28,29.0
35.8761667,-117.7173333,7.88,0.82,ml,21.0,38.0,0.07774,0.15,earthquake,0.2,0.54,0.175,17.0
46.8525,-121.76083333333334,1.31,0.29,ml,15.0,123.0,0.02211,0.04,earthquake,0.2,0.4,0.1598633766318051,6.0
35.7748333,-117.594,10.35,1.46,ml,37.0,55.0,0.04092,0.17,EARTHQUAKE,0.16,0.36,0.183,25.0
54.484,-164.6615,2.61,1.29,ml,5.0,180.0,0.03704,0.08,earthquake,0.38,1.24,0.142415377258382,5.0
35.3055,-118.5848333,3.55,1.75,ml,47.0,35.0,0.1129,0.21,earthquake,0.18,0.81,0.193,26.0
36.2428333333333,-121.623,10.32,0.66,md,16.0,69.0,0.06362,0.1,EARTHQUAKE,0.29,0.56,0.405,12.0
61.2306,-151.5173,75.5,1.4,ml,20.0,88.0,0.05971,0.33,EARTHQUAKE,0.48,0.5,0.159,12.5
38.8400001525879,-122.823333740234,1.72000002861023,0.97,md,12.0,89.0,0.009595,0.02,earthquake,0.31,0.600000024,0.25,13.0
41.1826,-116.7315,5.8,1.3,ml,6.0,264.24,0.313,0.1266,EARTHQUAKE,0.48,4.4,0.25,3.0
-21.1721,-68.6675,122.735,4.6,mb,38.0,67.0,0.776,1.11,EARTHQUAKE,4.73,5.842,0.072,58.0
36.9067,-117.7822,6.4,1.2,ml,10.0,170.71999999999997,0.344,0.1198,earthquake,0.48,3.5,0.45,4.0
28.762,-98.451,8.4896,1.3,ml,11.0,65.0,0.0,0.1,earthquake,0.703862952643882,0.9805988494464432,0.1,6.0
39.1586,-119.0489,6.5,1.3,ml,21.0,76.14999999999998,0.229,0.1525,EARTHQUAKE,0.48,2.2,0.18,11.0
35.7123333,-117.5903333,8.34,1.18,ml,32.0,43.0,0.1033,0.15,EARTHQUAKE,0.15,0.61,0.223,21.0
33.5375,-116.5531667,14.91,0.51,ml,32.0,48.0,0.05191,0.12,earthquake,0.16,0.29,0.086,10.0
31.527,-104.014,7.6892,2.2,ml,45.0,57.0,0.0,0.2,earthquake,0.6081110333198033,0.5024907785548742,0.2,27.0
41.1617,-116.7214,9.6,2.0,ml,10.0,157.59000000000003,0.295,0.1446,earthquake,0.48,2.0,0.36,4.0
33.7018333,-116.8131667,16.11,0.83,ml,37.0,58.0,0.07725,0.14,EARTHQUAKE,0.22,0.34,0.146,23.0
34.2591667,-119.3605,10.36,1.47,ml,30.0,133.0,0.05738,0.27,earthquake,0.48,0.84,0.148,32.0
37.9408333333333,-118.62,5.26,1.31,md,29.0,140.0,0.2404,0.11,earthquake,0.29,5.72,0.139,18.0
19.1808333333333,-155.4975,34.49,2.53,ml,50.0,92.0,0.04193,0.12,earthquake,0.41,0.42,0.197070523664086,38.0
36.4981666666667,-89.558,8.68,1.76,md,26.0,99.0,0.04274,0.08,earthquake,0.19,0.45,0.135723147139052,23.0
53.8375,-166.8985,5.82,0.97,ml,8.0,140.0,0.03859,0.19,earthquake,0.5,1.1,0.161821023068635,8.0
35.78516667,-98.05633333,6.34,1.2,ml,56.0,72.0,0.01619682163,0.53,earthquake,0.48,0.9,0.22,25.0
7.1969,126.7558,81.589,4.5,mb,32.0,112.0,1.175,0.75,earthquake,7.74,7.623,0.104,27.0
63.128,-149.3821,80.1,1.8,ml,20.0,88.0,0.05971,0.63,earthquake,0.48,0.5,0.159,12.5
54.7606666666667,-163.953666666667,-1.36,0.2,ml,5.0,103.0,0.0571,0.13,earthquake,0.21,0.31,0.116766670071848,5.0
36.27966667,-95.843,0.0,1.07,ml,41.0,130.0,0.5443931715,0.43,quarry blast,0.48,0.5,0.18,15.0
34.0395,-117.1245,7.74,0.97,ml,49.0,31.0,0.01081,0.16,EARTHQUAKE,0.14,0.42,0.246,29.0
17.8056666666667,-66.8785,9.12,2.89,md,19.0,236.0,0.1681,0.37,earthquake,0.92,1.23,0.113042492399387,14.0
48.36866666666667,-122.44183333333334,15.66,1.15,ml,14.0,82.0,0.01971,0.11,earthquake,0.27,0.37,0.1048993933793327,8.0
61.3021666666667,-152.375833333333,2.67,-0.29,ml,10.0,138.0,0.04326,0.26,earthquake,0.52,0.85,0.19943955662775,10.0
44.5651666666667,-112.2205,4.99,1.0,ml,13.0,120.0,0.1274,0.21,earthquake,0.63,4.34,0.0562232587570721,11.0
33.7071667,-116.8368333,15.53,0.06,ml,9.0,103.0,0.07524,0.12,EARTHQUAKE,0.46,0.77,0.098,6.0
38.7948341369629,-122.777168273926,3.07999992370605,1.27,md,20.0,76.0,0.008561,0.02,earthquake,0.29,0.569999993,0.13,21.0
44.869,-111.491,8.92,1.46,ml,18.0,101.0,0.05789,0.18,earthquake,0.41,0.88,0.156370582438016,18.0
34.0018333,-117.2035,5.39,1.34,ml,63.0,26.0,0.06002,0.18,earthquake,0.13,0.31,0.192,27.0
35.53166667,-96.76216667,6.44,0.49,ml,27.0,48.0,0.008098410816,0.1,earthquake,0.48,0.2,0.25,7.0
-24.512,179.855,556.025,4.5,mb,62.0,71.0,6.94,0.84,earthquake,12.66,9.141,0.074,58.0
35.533,-96.76933333,5.91,-0.12,ml,18.0,119.0,0.002699470272,0.09,earthquake,0.48,0.3,0.26,4.0
61.9762,-149.5022,31.4,1.6,ml,20.0,88.0,0.05971,0.79,earthquake,0.48,0.2,0.159,12.5
49.009,-122.163,-0.68,1.49,ml,6.0,229.0,0.05234,0.05,explosion,1.41,31.61,0.0656054779364896,4.0
44.3806666666667,-110.647833333333,3.1,0.95,ml,6.0,105.0,0.05335,0.1,earthquake,0.42,1.72,0.268064933446809,2.0
35.3355,-97.93216667,6.11,1.03,ml,71.0,63.0,0.05668887571,0.31,earthquake,0.48,0.5,0.18,29.0
52.8298333333333,-169.987833333333,1.48,0.88,ml,4.0,203.0,0.0417,0.27,earthquake,1.47,1.48,0.196358772335653,4.0
58.0322,-151.4298,41.7,2.6,ml,20.0,88.0,0.05971,0.36,earthquake,0.48,2.4,0.159,12.5
38.8096656799316,-122.820831298828,2.84999990463257,1.5,md,34.0,54.0,0.00657,0.02,earthquake,0.18,0.330000013,0.18,29.0
46.2045,-122.34766666666668,12.63,0.4,ml,13.0,159.0,0.01619,0.14,EARTHQUAKE,0.52,0.6,0.0955678792977806,4.0
28.889,-99.048,3.7474,1.7,ml,9.0,85.0,0.1,0.2,earthquake,3.601230939943389,1.16348717389155,0.2,10.0
66.1938,-135.2536,6.7,2.7,ml,20.0,88.0,0.05971,0.96,earthquake,0.48,5.8,0.159,12.5
44.5773333333333,-112.221833333333,3.64,0.98,ml,16.0,94.0,0.1243,0.15,earthquake,0.42,1.05,0.0540428109763088,9.0
44.3816666666667,-110.644166666667,3.79,1.85,ml,22.0,57.0,0.05055,0.1,earthquake,0.24,0.4,0.381962345739574,8.0
32.9755,-115.9043333,9.76,1.89,ml,49.0,38.0,0.09291,0.24,earthquake,0.21,0.68,0.211,25.0
63.1584,-147.6852,3.2,1.7,ml,20.0,88.0,0.05971,1.0,earthquake,0.48,0.3,0.159,12.5
38.780834197998,-122.764663696289,12.75,0.83,md,6.0,125.0,0.01013,0.05,earthquake,2.94,7.63000011,0.08,6.0
46.77216666666666,-120.3515,7.36,0.88,ml,13.0,59.0,0.09316,0.1,earthquake,0.25,0.27,0.1793565378467057,13.0
60.2944,-153.4581,174.7,2.2,ml,20.0,88.0,0.05971,0.57,earthquake,0.48,0.4,0.159,12.5
60.0681666666667,-153.078666666667,-2.98,-0.57,ml,4.0,251.0,0.01322,0.17,earthquake,0.84,1.21,0.482639051752988,4.0
35.894,-97.35116667,6.52,0.97,ml,51.0,51.0,0.1637678632,0.12,earthquake,0.48,0.3,0.25,22.0
53.1566,160.7271,11.328,4.2,mb,33.0,137.0,1.26,0.74,earthquake,10.98,4.454,0.132,16.0
61.711,-151.9247,100.4,1.7,ml,20.0,88.0,0.05971,0.25,earthquake,0.48,0.6,0.159,12.5
31.652,-104.431,5.8179,1.8,ml,24.0,89.0,0.0,0.1,EARTHQUAKE,1.157346588054346,0.6032026058305696,0.0,6.0
-7.3482,102.5355,10.0,4.8,mb,39.0,71.0,2.88,0.85,earthquake,8.03,1.888,0.093,36.0
53.0947,160.9131,28.999,4.2,mb,40.0,134.0,1.368,0.61,earthquake,13.34,6.624,0.099,28.0
33.3375,-116.343,11.49,1.27,ml,69.0,32.0,0.02289,0.2,earthquake,0.16,0.27,0.136,25.0
60.6235,-151.244,56.8,2.1,ml,20.0,88.0,0.05971,0.73,earthquake,0.48,0.7,0.159,12.5
31.631,-104.338,7.074,1.6,ml,37.0,71.0,0.1,0.2,earthquake,0.8125289153591676,0.765244040268714,0.2,19.0
62.2725,-148.4233,20.0,1.6,ml,20.0,88.0,0.05971,0.87,earthquake,0.48,0.6,0.159,12.5
33.9705,-116.7386667,14.77,0.86,ml,16.0,186.0,0.145,0.27,earthquake,1.91,1.34,0.174,20.0
36.6003333333333,-121.205333333333,6.75,2.65,md,47.0,108.0,0.03277,0.07,earthquake,0.23,0.47,0.154,87.0
32.735,-115.5785,15.11,1.35,ml,21.0,83.0,0.0218,0.29,earthquake,0.52,0.79,0.421,12.0
30.9113,99.92,10.0,5.5,mww,126.0,22.0,5.939,0.57,earthquake,7.46,1.754,0.063,24.0
47.701166666666666,-120.142,3.98,0.35,ml,8.0,78.0,0.06816,0.22,earthquake,0.48,1.67,0.0521969885720131,5.0
36.5486679077148,-121.16283416748,7.71000003814697,1.77,md,20.0,77.0,0.0293,0.08,earthquake,0.29,0.75,0.2,20.0
32.389,-101.973,6.3232,1.0,ml,14.0,79.0,0.0,0.1,EARTHQUAKE,0.6181794054007976,1.0422204162140487,0.2,12.0
44.6423333333333,-110.373,6.81,-0.05,md,6.0,111.0,0.0795,0.14,earthquake,0.61,4.55,0.199408794138404,3.0
-60.031,-61.5268,10.0,4.9,mb,22.0,123.0,4.903,1.09,earthquake,9.61,1.907,0.132,18.0
52.7539,-168.0923,23.0,2.3,ml,20.0,88.0,0.05971,0.31,earthquake,0.48,0.5,0.159,12.5
38.7848320007324,-122.758499145508,2.0,0.82,md,8.0,73.0,0.01519,0.02,EARTHQUAKE,0.33,0.709999979,0.17,8.0
63.2657,-145.0682,8.9,2.6,ml,20.0,88.0,0.05971,0.79,earthquake,0.48,0.3,0.159,12.5
59.3673333333333,-153.435333333333,-0.22,0.46,ml,5.0,233.0,0.00675,0.1,earthquake,0.4,0.15,0.188915343967897,5.0
38.8311653137207,-122.817832946777,1.8400000333786,0.74,md,12.0,80.0,0.01565,0.01,earthquake,0.32,0.75,0.14,13.0
60.6527,-151.1011,56.6,1.4,ml,20.0,88.0,0.05971,0.16,earthquake,0.48,1.9,0.159,12.5
35.1096667,-119.079,11.29,1.42,ml,43.0,41.0,0.0511,0.19,earthquake,0.19,0.4,0.138,51.0
44.5644,-112.2244,7.614,2.4,ml,50.0,36.0,0.125,0.29,earthquake,1.49,4.957,0.041,80.0
19.8335,-155.607333333333,12.68,2.2,ml,49.0,93.0,0.05262,0.16,EARTHQUAKE,0.32,0.33,0.118091532152029,15.0
32.119,-102.191,6.2012,1.0,ml,23.0,80.0,0.0,0.2,earthquake,0.5953600880785574,0.745095985637023,0.2,8.0
38.8198318481445,-122.841003417969,2.1800000667572,0.74,md,6.0,163.0,0.01432,0.02,earthquake,0.85,1.20000005,0.17,7.0
37.438835144043,-118.877502441406,8.28999996185303,1.92,md,24.0,106.0,0.1558,0.07,earthquake,0.31,2.30999994,0.23,24.0
35.4495,-91.6693333333333,7.23,1.94,md,10.0,192.0,0.1069,0.08,earthquake,1.13,2.3,0.0618998616257249,9.0
37.088,-117.0438,0.6,0.7,ml,17.0,105.82999999999998,0.108,0.1247,earthquake,0.48,19.5,0.62,4.0
33.4851667,-116.4625,5.83,1.59,ml,70.0,29.0,0.1171,0.19,earthquake,0.13,0.56,0.109,27.0
37.5963325500488,-122.466331481934,9.90999984741211,1.72,md,28.0,77.0,0.03013,0.03,earthquake,0.29,0.379999995,0.27,17.0
33.7283333,-116.0923333,9.34,1.23,ml,6.0,173.0,0.1122,0.17,earthquake,2.62,6.68,0.119,26.0
31.566,-104.136,6.0999,2.3,ml,51.0,67.0,0.0,0.2,earthquake,0.5017909175536579,0.3647760915979755,0.1,29.0
47.3215,-117.8835,-0.58,2.37,ml,6.0,106.0,0.1184,0.24,explosion,1.05,31.61,0.0424056492383202,2.0
28.746,-98.467,8.5234,1.6,ml,20.0,43.0,0.1,0.2,EARTHQUAKE,0.680529483833793,0.8187928815176415,0.1,9.0
31.532,-104.015,6.4972,2.0,ml,34.0,57.0,0.0,0.1,earthquake,0.5451416614865838,0.386740901192793,0.1,18.0
59.1023,-152.2847,69.9,1.8,ml,20.0,88.0,0.05971,0.36,earthquake,0.48,1.3,0.159,12.5
52.6933,160.986,10.0,4.4,mb,49.0,134.0,1.454,0.66,earthquake,11.39,1.911,0.092,34.0
38.8129997253418,-122.786666870117,1.27999997138977,1.43,md,23.0,49.0,0.00468,0.02,earthquake,0.2,0.310000002,0.16,23.0
28.821,-99.107,8.7099,1.7,ml,12.0,84.0,0.1,0.2,earthquake,1.211094953713867,0.9319399340284188,0.1,6.0
31.549,-104.134,6.8689,1.3,ml,32.0,68.0,0.0,0.1,earthquake,0.7569832634713417,0.6537858378948841,0.2,31.0
41.1665,-116.7237,8.7,1.4,ml,7.0,252.52,0.299,0.1492,earthquake,0.48,3.0,0.2,3.0
67.3487,-156.6591,0.0,1.8,ml,20.0,88.0,0.05971,0.86,earthquake,0.48,0.6,0.159,12.5
32.431,-102.141,5.2747,0.6,ml,15.0,72.0,0.0,0.2,earthquake,1.0291701057484834,0.9236922659958088,0.2,13.0
56.2843333333333,-159.234833333333,8.77,0.38,ml,5.0,157.0,0.02512,0.05,earthquake,0.35,0.66,0.196029630778658,6.0
34.3223333,-116.8595,6.75,2.04,ml,75.0,26.0,0.03687,0.14,earthquake,0.1,0.36,0.156,110.0
60.4815,-152.737166666667,-0.72,-1.07,ml,4.0,119.0,0.02259,0.19,earthquake,0.82,3.71,0.0771321007976733,5.0
52.8522,160.8574,10.0,4.7,mb,25.0,143.0,1.347,1.14,earthquake,8.78,1.86,0.159,12.0
38.8013343811035,-122.780166625977,2.73000001907349,2.25,md,42.0,66.0,0.01015,0.04,earthquake,0.18,0.300000012,0.15,45.0
51.7185,159.7877,34.754,4.6,mb,39.0,126.0,1.481,1.15,earthquake,10.79,3.769,0.072,57.0
36.7697,-116.2593,9.4,-0.3,ml,28.0,47.04000000000002,0.043,0.0865,earthquake,0.48,0.6,0.19,7.0
44.6281666666667,-110.680666666667,7.91,0.53,ml,15.0,99.0,0.08464,0.16,earthquake,0.43,0.72,0.16998417811005,3.0
46.9595,-120.79416666666668,8.94,1.81,ml,38.0,62.0,0.04832,0.18,earthquake,0.24,0.29,0.1380441942654829,33.0
38.8208351135254,-122.804168701172,3.01999998092651,1.04,md,19.0,36.0,0.005274,0.02,earthquake,0.25,0.560000002,0.2,18.0
35.44116667,-96.86183333,7.82,1.26,ml,61.0,32.0,0.1385728073,0.22,earthquake,0.48,0.6,0.19,24.0
45.0788333333333,-116.438666666667,5.21,1.91,ml,16.0,68.0,0.219,0.31,earthquake,0.58,2.22,0.167832904073538,17.0
10.8943,123.9099,10.0,4.6,mb,39.0,127.0,6.316,0.83,EARTHQUAKE,14.04,1.896,0.096,32.0
47.54933333333334,-122.042,19.2,1.37,ml,8.0,88.0,0.1274,0.07,EARTHQUAKE,0.45,0.78,0.089909959059923,3.0
38.8276672363281,-122.813835144043,2.04999995231628,0.88,md,18.0,42.0,0.01717,0.01,EARTHQUAKE,0.22,0.610000014,0.21,19.0
35.54233333,-96.7605,6.22,-1.59,ml,6.0,148.0,0.01979611533,0.01,earthquake,0.48,0.1,0.0,1.0
53.2181,159.9148,63.101,4.5,mb,82.0,126.0,0.787,0.68,earthquake,8.21,5.808,0.059,84.0
38.8118324279785,-122.796836853027,9.02000045776367,0.77,md,8.0,79.0,0.004041,0.07,earthquake,1.62,7.57000017,0.33,11.0
46.6515,-121.942,6.81,1.17,ml,47.0,109.0,0.08661,0.1,EARTHQUAKE,0.24,0.33,0.12468545061465,24.0
38.8359985351562,-122.788330078125,2.03999996185303,1.64,md,32.0,64.0,0.002875,0.03,EARTHQUAKE,0.21,0.280000001,0.11,32.0
31.601,-104.19,6.0999,0.9,ml,25.0,67.0,0.1,0.1,EARTHQUAKE,0.7254159729586555,0.8797839588560622,0.2,25.0
60.0381666666667,-153.090333333333,-2.97,-0.13,ml,5.0,105.0,0.02346,0.19,earthquake,0.41,2.67,0.278985101142552,5.0
35.7205,-117.5606667,4.64,0.96,ml,29.0,50.0,0.09965,0.15,EARTHQUAKE,0.18,0.51,0.135,15.0
35.33166667,-97.94783333,6.98,1.15,ml,41.0,57.0,0.0638874631,0.26,earthquake,0.48,0.5,0.23,16.0
44.1613,17.5248,10.0,3.7,mb,22.0,78.0,0.636,0.53,earthquake,4.62,1.942,0.356,2.0
36.7695,-116.2583,9.6,0.5,ml,40.0,41.75,0.033,0.0844,earthquake,0.48,0.5,0.25,14.0
34.3218333,-116.8558333,6.47,0.97,ml,46.0,39.0,0.03513,0.13,earthquake,0.14,0.33,0.175,22.0
61.0335,-151.3746,57.1,3.1,ml,20.0,88.0,0.05971,0.76,EARTHQUAKE,0.48,0.5,0.159,12.5
52.0116,160.1994,10.0,5.3,mb,63.0,122.0,1.387,0.75,earthquake,9.56,1.892,0.029,406.0
31.883,-101.504,9.2041,1.1,ml,16.0,61.0,0.2,0.1,earthquake,0.6672212757968272,2.649206876275004,0.2,12.0
35.88516667,-97.91533333,4.45,1.71,ml,82.0,35.0,0.09088216582,0.16,EARTHQUAKE,0.48,0.3,0.25,37.0
45.976,-122.535,15.83,0.19,ml,10.0,204.0,0.0917,0.09,earthquake,0.4,0.92,0.0835117860968745,3.0
36.09816667,-97.8635,6.11,1.77,ml,99.0,38.0,0.0,0.15,earthquake,0.48,0.3,0.22,45.0
33.463,-116.4195,12.61,0.51,ml,33.0,82.0,0.1361,0.16,earthquake,0.23,0.62,0.13,12.0
52.1301,-173.4568,10.0,3.4,ml,14.0,199.0,0.421,0.44,earthquake,2.39,1.978,0.115,10.0
37.4697,-117.2583,5.6,1.1,ml,28.0,94.06,0.17,0.1789,earthquake,0.48,3.5,0.47,5.0
63.5544,-147.6867,0.0,1.5,ml,20.0,88.0,0.05971,0.88,EARTHQUAKE,0.48,0.2,0.159,12.5
31.584,-104.219,6.5613,1.2,ml,27.0,62.0,0.1,0.1,earthquake,0.802492463616914,1.0970283374487897,0.2,33.0
52.6444,160.7219,10.0,4.5,mb,38.0,119.0,1.313,0.81,earthquake,9.49,1.9,0.118,21.0
63.5334,-149.9023,114.0,1.8,ml,20.0,88.0,0.05971,0.37,EARTHQUAKE,0.48,1.0,0.159,12.5
32.383,-101.991,8.7158,0.6,ml,8.0,89.0,0.0,0.1,earthquake,1.240602353328242,1.505051785403981,0.2,6.0
37.4677,-117.2612,5.5,1.3,ml,19.0,150.14,0.168,0.1623,earthquake,0.48,4.4,0.22,4.0
31.399,-103.774,5.8179,1.5,ml,41.0,48.0,0.1,0.2,earthquake,0.575283915481122,1.443707512698075,0.1,14.0
28.0007,139.6694,503.77,4.1,mb,57.0,78.0,2.408,0.49,EARTHQUAKE,12.65,9.554,0.076,47.0
62.2415,-150.1708,53.5,1.0,ml,20.0,88.0,0.05971,0.78,earthquake,0.48,0.9,0.159,12.5
46.1865,-122.19216666666668,5.52,-0.08,md,5.0,148.0,0.01472,0.06,earthquake,0.37,1.42,0.1167323451621411,3.0
59.8174,-152.0302,69.8,1.8,ml,20.0,88.0,0.05971,0.59,earthquake,0.48,0.8,0.159,12.5
40.5146666666667,-124.47,16.53,1.95,md,30.0,251.0,0.09274,0.08,earthquake,0.35,0.22,0.065,11.0
35.12466667,-97.73516667,7.74,0.75,ml,43.0,82.0,0.05308958201,0.37,earthquake,0.48,0.6,0.23,20.0
59.9394,-153.8897,203.4,2.7,ml,20.0,88.0,0.05971,0.92,EARTHQUAKE,0.48,1.9,0.159,12.5
63.3416,-145.5156,0.0,1.6,ml,20.0,88.0,0.05971,0.96,earthquake,0.48,0.2,0.159,12.5
44.551,-112.201166666667,5.89,1.3,ml,14.0,136.0,0.1444,0.13,earthquake,0.59,1.9,0.107526588102343,17.0
44.673,-110.683833333333,6.39,1.03,md,6.0,90.0,0.04263,0.2,EARTHQUAKE,0.83,1.36,0.616458003471845,3.0
38.5521,-119.5296,0.1,0.9,ml,9.0,117.1,0.086,0.0797,EARTHQUAKE,0.48,32.6,0.14,4.0
35.8593333333333,-120.313833333333,9.74,1.12,md,26.0,70.0,0.0334,0.06,earthquake,0.3,0.37,0.034,7.0
61.5763,-149.2292,30.5,2.7,ml,20.0,88.0,0.05971,0.61,earthquake,0.48,0.2,0.159,12.5
19.311,-155.216833333333,7.35,3.63,ml,60.0,88.0,0.03052,0.1,earthquake,0.22,0.26,0.3476104806112,45.0
43.6477,-127.1286,10.0,3.0,ml,27.0,280.0,1.512,1.33,earthquake,11.28,2.024,0.036,102.0
38.8176651000977,-122.818496704102,2.89000010490417,0.75,md,6.0,104.0,0.01212,0.02,EARTHQUAKE,0.56,1.41999996,0.3,9.0
59.2189,-139.4701,8.3,2.2,ml,20.0,88.0,0.05971,0.68,earthquake,0.48,0.6,0.159,12.5
39.3397,-119.991,4.6,1.0,ml,6.0,215.46,0.059,0.0561,earthquake,0.48,3.2,0.1,4.0
34.3225,-116.8578333,6.79,1.42,ml,52.0,39.0,0.03578,0.14,earthquake,0.12,0.33,0.202,28.0
37.5921669006348,-122.463165283203,9.18000030517578,2.11,md,34.0,84.0,0.0315,0.03,earthquake,0.19,0.280000001,0.17,30.0
38.8186683654785,-122.782997131348,1.58000004291534,0.61,md,7.0,119.0,0.005695,0.01,earthquake,0.49,1.30999994,0.18,8.0
35.3478333,-117.7931667,6.19,1.01,ml,39.0,79.0,0.09106,0.18,EARTHQUAKE,0.19,0.53,0.154,21.0
34.3381667,-116.8641667,1.37,1.66,ml,64.0,26.0,0.03192,0.15,earthquake,0.12,0.18,0.12,14.0
58.6639,-151.4855,42.3,1.9,ml,20.0,88.0,0.05971,0.32,earthquake,0.48,2.3,0.159,12.5
-9.1429,125.9744,10.0,4.6,mb,15.0,137.0,1.791,0.78,EARTHQUAKE,8.99,1.925,0.157,12.0
54.7495,-164.0285,-1.97,0.49,ml,5.0,137.0,0.04405,0.13,EARTHQUAKE,0.29,0.48,0.0623130962107845,5.0
53.8298333333333,-166.918333333333,8.49,-0.5,ml,4.0,190.0,0.02545,0.24,earthquake,1.74,1.57,0.20451953202448,4.0
32.116,-102.192,6.3232,1.3,ml,25.0,79.0,0.0,0.1,earthquake,0.4828032375571322,0.567252139924513,0.1,14.0
59.5536,-152.9447,99.6,1.8,ml,20.0,88.0,0.05971,0.31,EARTHQUAKE,0.48,0.6,0.159,12.5
49.128166666666665,-122.14166666666668,-0.66,1.11,ml,5.0,268.0,0.1352,0.19,explosion,2.23,31.61,0.0539682277159998,2.0
31.669,-104.428,6.0999,2.0,ml,31.0,64.0,0.0,0.2,earthquake,0.9865175649504498,0.5082248665740654,0.1,18.0
41.1853,-116.7194,9.6,1.7,ml,8.0,253.72,0.307,0.1158,earthquake,0.48,2.1,0.19,3.0
64.9308,-147.725,0.0,1.9,ml,20.0,88.0,0.05971,0.93,earthquake,0.48,0.3,0.159,12.5
58.11,-155.2135,4.16,1.21,ml,12.0,140.0,0.0358,0.15,earthquake,0.36,0.7,0.412882598262843,13.0
38.8131675720215,-122.817497253418,2.83999991416931,1.07,md,18.0,53.0,0.01009,0.02,earthquake,0.27,0.519999981,0.06,20.0
56.5079,-154.7976,12.3,2.5,ml,20.0,88.0,0.05971,0.95,earthquake,0.48,1.5,0.159,12.5
41.213,-123.353666666667,36.68,2.6,ml,32.0,60.0,0.2415,0.21,earthquake,0.4,0.96,0.138,16.0
34.0113333,-116.7703333,15.55,0.9,ml,12.0,82.0,0.03914,0.1,earthquake,0.23,0.45,0.127,13.0
59.9726666666667,-152.826333333333,6.21,0.07,ml,4.0,328.0,0.106,0.07,EARTHQUAKE,1.13,2.44,0.101004438820111,4.0
64.916,-147.7544,0.0,1.2,ml,20.0,88.0,0.05971,0.77,earthquake,0.48,1.4,0.159,12.5
61.5251,-151.6176,81.2,1.6,ml,20.0,88.0,0.05971,0.63,earthquake,0.48,0.5,0.159,12.5
44.814,-111.527166666667,11.26,1.33,ml,21.0,69.0,0.02641,0.22,earthquake,0.39,0.55,0.24838525138099,24.0
38.4653,-116.4917,9.3,1.4,ml,6.0,141.25,0.508,0.1772,earthquake,0.48,3.5,0.22,4.0
60.7133,-150.9316,60.6,1.2,ml,20.0,88.0,0.05971,0.25,earthquake,0.48,1.4,0.159,12.5
53.8866,-164.0113,19.9,4.0,ml,20.0,88.0,0.05971,0.68,earthquake,0.48,0.8,0.159,12.5
34.4436667,-119.8536667,3.8,2.2,ml,41.0,51.0,0.03191,0.24,EARTHQUAKE,0.25,0.77,0.142,75.0
60.1824,-150.8943,57.7,1.5,ml,20.0,88.0,0.05971,0.42,earthquake,0.48,0.9,0.159,12.5
63.1514,-152.2116,5.0,1.1,ml,20.0,88.0,0.05971,0.52,earthquake,0.48,0.4,0.159,12.5
31.567,-104.014,7.9327,1.8,ml,28.0,54.0,0.0,0.1,earthquake,0.5632471760737549,0.4567862913680192,0.1,13.0
63.0934,-150.4755,91.1,1.8,ml,20.0,88.0,0.05971,0.54,earthquake,0.48,0.9,0.159,12.5
45.008,-122.68683333333334,-0.47,1.5,ml,6.0,96.0,0.05935,0.37,explosion,0.81,31.61,0.0841924283219119,5.0
32.7656667,-115.6175,10.36,1.34,ml,24.0,60.0,0.002882,0.21,earthquake,0.31,0.46,0.108,22.0
62.8334,-151.7052,5.8,1.8,ml,20.0,88.0,0.05971,0.73,earthquake,0.48,0.2,0.159,12.5
62.4498,-152.0656,0.0,1.6,ml,20.0,88.0,0.05971,0.94,earthquake,0.48,0.4,0.159,12.5
49.35866666666666,-120.49416666666669,-0.37,2.07,ml,10.0,179.0,0.5694,0.54,EXPLOSION,3.81,31.61,0.1188324236815394,6.0
19.1813333333333,-155.504333333333,31.07,4.06,ml,60.0,96.0,0.04751,0.11,earthquake,0.41,0.46,0.235932282912783,46.0
36.1575,-118.067,2.33,2.05,ml,34.0,59.0,0.1763,0.18,earthquake,0.19,0.8,0.151,41.0
38.7874984741211,-122.769836425781,3.75,0.51,md,9.0,109.0,0.01523,0.01,earthquake,0.69,1.22000003,0.24,11.0
60.0228333333333,-153.097833333333,-2.01,-0.17,ml,5.0,121.0,0.03866,0.1,earthquake,0.26,3.66,0.327927309784693,5.0
53.1278,160.0944,44.378,4.5,mb,95.0,117.0,0.878,0.75,earthquake,9.97,7.003,0.053,106.0
60.4603333333333,-152.866333333333,6.13,-0.65,ml,4.0,252.0,0.02885,0.08,earthquake,0.75,0.86,0.318723994565543,4.0
38.8251647949219,-122.802665710449,2.38000011444092,0.82,md,8.0,134.0,0.006051,0.01,EARTHQUAKE,0.4,1.35000002,0.21,8.0
33.7518333,-115.9136667,5.45,1.52,ml,39.0,69.0,0.08202,0.18,earthquake,0.21,0.84,0.106,26.0
28.829,-99.081,7.3514,1.7,ml,13.0,85.0,0.1,0.4,earthquake,2.566324584220807,1.5585761901398174,0.1,6.0
47.778,-113.889666666667,9.87,-0.29,ml,4.0,125.0,0.08789,0.03,earthquake,0.59,1.96,0.0419605671790663,2.0
35.33266667,-97.947,6.92,0.89,ml,46.0,66.0,0.06298763968,0.29,earthquake,0.48,0.5,0.14,16.0
41.1664,-116.7115,7.1,1.9,ml,10.0,158.19,0.291,0.1717,EARTHQUAKE,0.48,3.0,0.35,5.0
59.2645,-152.0506,52.0,1.8,ml,20.0,88.0,0.05971,0.37,earthquake,0.48,1.7,0.159,12.5
28.728,-98.686,1.6587,1.6,ml,6.0,228.0,0.1,0.4,earthquake,0.0,3.9215903282165527,0.4,5.0
36.31766667,-98.182,4.66,1.22,ml,58.0,72.0,0.2456517947,0.36,earthquake,0.48,1.0,0.23,27.0
51.5961,159.4372,22.899,5.1,mww,120.0,77.0,1.509,0.96,earthquake,9.58,5.037,0.063,24.0
46.8905,-112.5345,11.33,1.98,ml,19.0,116.0,0.0617,0.11,EARTHQUAKE,0.44,0.55,0.204613312975175,27.0
28.691,-98.23,8.0334,1.3,ml,16.0,57.0,0.1,0.2,earthquake,1.202847765358563,1.598126540264044,0.1,13.0
51.6418333333333,-178.802666666667,14.11,1.52,ml,6.0,172.0,0.08885,0.14,earthquake,3.37,1.16,0.171619765306055,6.0
33.1351667,-116.3756667,9.81,0.42,ml,29.0,65.0,0.07801,0.21,EARTHQUAKE,0.29,0.78,0.113,7.0
48.118,-116.268333333333,2.9,2.1,ml,15.0,70.0,0.5901,0.23,earthquake,0.54,4.86,0.19306259372405,14.0
60.0791,-152.6863,97.6,1.6,ml,20.0,88.0,0.05971,0.33,earthquake,0.48,0.8,0.159,12.5
28.754,-98.466,8.9091,1.5,ml,10.0,81.0,0.0,0.1,earthquake,0.6858086925301,0.906078119093208,0.1,11.0
57.1819,-156.9035,7.1,1.9,ml,20.0,88.0,0.05971,0.62,earthquake,0.48,0.3,0.159,12.5
38.820499420166,-122.81233215332,2.73000001907349,1.07,md,20.0,50.0,0.003387,0.02,earthquake,0.26,0.540000021,0.28,21.0
59.8447,-153.5449,130.1,3.5,ml,20.0,88.0,0.05971,0.58,earthquake,0.48,0.3,0.159,12.5
59.7715,-152.3173,12.6,1.3,ml,20.0,88.0,0.05971,1.07,earthquake,0.48,0.5,0.159,12.5
44.8096666666667,-111.527666666667,11.92,0.89,ml,15.0,107.0,0.02476,0.21,earthquake,0.48,0.55,0.177865596419628,10.0
40.2971666666667,-124.526833333333,9.57,2.17,md,26.0,275.0,0.1412,0.12,earthquake,0.71,0.55,0.155,15.0
46.27,-118.71766666666667,-0.4,1.21,ml,7.0,101.0,0.06866,0.06,explosion,0.31,31.61,0.2598226283184897,5.0
44.5643333333333,-112.22,4.29,0.94,ml,16.0,111.0,0.1279,0.12,earthquake,0.42,3.73,0.0688598856074866,8.0
32.123,-101.491,7.9346,1.0,ml,27.0,47.0,0.1,0.1,earthquake,0.4614279559472125,0.7897008713564493,0.1,12.0
35.779,-98.06,5.84,1.39,ml,30.0,99.0,0.01979611533,0.29,earthquake,0.48,0.6,0.22,13.0
-5.8142,152.5266,10.0,4.7,mb,74.0,110.0,1.578,0.64,EARTHQUAKE,4.29,1.888,0.068,65.0
60.0468333333333,-153.081833333333,0.36,-0.88,ml,5.0,106.0,0.01397,0.05,earthquake,0.36,1.19,0.337199472445925,5.0
38.8071670532227,-122.818664550781,3.16000008583069,0.74,md,14.0,79.0,0.008388,0.02,EARTHQUAKE,0.37,0.639999986,0.11,16.0
43.5245,-127.2396,10.0,3.3,ml,25.0,290.0,1.65,0.83,earthquake,8.09,2.026,0.038,90.0
18.5183,93.7187,10.0,4.8,mb,77.0,63.0,2.844,0.73,earthquake,7.39,1.856,0.064,75.0
31.675,-104.401,6.3562,1.5,ml,26.0,69.0,0.0,0.2,earthquake,0.8700295409998235,0.6953115732794056,0.1,18.0
-33.3296,-70.2239,6.85,4.2,mb,31.0,57.0,0.107,0.99,earthquake,1.83,2.301,0.2,7.0
52.079,-176.178166666667,-1.79,0.99,ml,4.0,272.0,0.03095,0.27,earthquake,3.06,2.24,0.132522721827196,4.0
31.703,-104.181,6.8304,1.7,ml,35.0,59.0,0.1,0.2,EARTHQUAKE,0.4674617655271622,0.5850298935008617,0.2,18.0
63.3161,-145.0969,7.2,2.1,ml,20.0,88.0,0.05971,0.7,EARTHQUAKE,0.48,0.2,0.159,12.5
17.9001666666667,-66.9201666666667,7.84,2.44,md,10.0,223.0,0.08405,0.11,EARTHQUAKE,0.53,0.86,0.136177071147598,8.0
31.677,-104.446,5.1891,2.0,ml,33.0,64.0,0.0,0.1,earthquake,1.0772299278615547,0.4164434252758474,0.1,21.0
32.259,-101.939,7.9346,1.1,ml,30.0,45.0,0.1,0.1,EARTHQUAKE,0.3370772560082731,0.76257059917353,0.1,17.0
47.7925,-123.99166666666666,29.18,0.84,md,8.0,177.0,0.1953,0.26,earthquake,2.85,1.77,0.1235566700858141,6.0
60.6064,-151.4583,34.7,2.1,ml,20.0,88.0,0.05971,0.83,earthquake,0.48,0.6,0.159,12.5
36.5643348693848,-121.163665771484,4.57000017166138,2.13,md,36.0,60.0,0.01898,0.16,earthquake,0.3,0.839999974,0.13,34.0
34.843,-116.4116667,2.14,0.84,ml,13.0,131.0,0.06451,0.14,earthquake,0.24,0.32,0.111,6.0
34.40116667,-97.46466667,5.43,1.5,ml,63.0,70.0,0.03869240723,0.33,earthquake,0.48,0.7,0.23,26.0
33.7516667,-115.9161667,5.38,1.43,ml,43.0,69.0,0.08277,0.18,EARTHQUAKE,0.18,0.84,0.176,26.0
-58.8133,-24.8833,10.0,4.8,mb,47.0,79.0,7.852,0.51,earthquake,7.98,1.905,0.079,50.0
35.54783333,-96.76016667,5.93,-1.65,ml,8.0,147.0,0.01529699821,0.02,earthquake,0.48,0.2,0.0,1.0
32.772,-100.668,5.1667,0.8,ml,8.0,82.0,0.1,0.1,EARTHQUAKE,0.944293382666951,1.975472992000472,0.2,7.0
32.125,-101.68,7.1533,1.6,ml,64.0,71.0,0.0,0.2,earthquake,0.2991238295299576,0.6140977072464647,0.1,36.0
18.0925,-66.9091666666667,14.43,2.14,md,4.0,144.0,0.1775,0.13,earthquake,0.74,4.37,0.0972373000026314,3.0
17.959,-67.077,6.54,2.15,md,7.0,223.0,0.03288,0.09,earthquake,0.56,0.31,0.0614637916692702,4.0
17.8805,-66.8511666666667,13.75,2.48,md,9.0,208.0,0.09284,0.18,earthquake,0.97,0.46,0.159143834358962,5.0
35.933,-117.7626667,9.97,0.89,ml,20.0,52.0,0.04755,0.12,earthquake,0.2,0.37,0.231,19.0
61.2923,-150.1256,40.9,1.6,ml,20.0,88.0,0.05971,0.57,earthquake,0.48,0.8,0.159,12.5
38.7943344116211,-122.765998840332,3.70000004768372,1.27,md,16.0,76.0,0.01717,0.02,EARTHQUAKE,0.34,0.819999993,0.22,17.0
35.9785,-117.8756667,2.39,-0.02,ml,10.0,99.0,0.03153,0.11,earthquake,0.23,0.2,0.17,7.0
28.757,-98.462,8.6836,1.6,ml,18.0,79.0,0.0,0.1,earthquake,0.5208576451228101,0.7094386054153978,0.1,11.0
44.797,-110.860166666667,4.44,0.35,md,14.0,110.0,0.01107,0.16,earthquake,0.34,0.46,0.160105862821985,10.0
60.014,-153.037666666667,-0.21,-0.87,ml,5.0,121.0,0.0099,0.06,EARTHQUAKE,0.58,1.55,0.229589685461523,5.0
32.182,-101.187,7.7881,1.3,ml,15.0,56.0,0.2,0.1,earthquake,0.6492658973518123,2.4071833935363736,0.2,10.0
64.8602,-147.3639,16.6,1.1,ml,20.0,88.0,0.05971,0.57,earthquake,0.48,0.6,0.159,12.5
33.07,-115.9593333,3.99,0.7,ml,29.0,94.0,0.1044,0.27,earthquake,0.37,1.48,0.138,10.0
37.8735008239746,-122.249664306641,8.73999977111816,1.89,md,52.0,33.0,0.002223,0.05,EARTHQUAKE,0.13,0.239999995,0.11,41.0
32.112,-101.515,7.9346,1.3,ml,22.0,57.0,0.1,0.1,earthquake,0.4294388589245642,1.1247394526079213,0.1,11.0
36.2975,-116.4849,4.8,0.7,ml,18.0,174.21999999999997,0.186,0.1272,earthquake,0.48,1.6,0.43,8.0
33.6448333,-116.7545,14.04,0.55,ml,26.0,62.0,0.07146,0.11,EARTHQUAKE,0.17,0.35,0.219,15.0
38.1589,-117.8981,10.9,1.4,ml,10.0,96.90000000000003,0.079,0.1186,EARTHQUAKE,0.48,1.6,0.42,5.0
38.8305015563965,-122.818336486816,1.75999999046326,0.76,md,17.0,59.0,0.009592,0.01,earthquake,0.25,0.430000007,0.27,20.0
46.1108333333333,-113.245666666667,18.0,0.96,ml,8.0,94.0,0.06452,0.14,earthquake,0.41,0.91,0.189673900223022,4.0
32.44,-101.378,6.4209,1.0,ml,14.0,50.0,0.0,0.1,earthquake,0.480789954954341,0.58330668536843,0.2,11.0
64.7263,-148.8318,18.5,1.1,ml,20.0,88.0,0.05971,0.57,earthquake,0.48,0.2,0.159,12.5
51.4799,159.5694,22.135,5.3,mww,114.0,98.0,1.646,1.03,earthquake,8.17,4.528,0.083,14.0
-32.1962,-178.7431,35.0,4.8,mb,25.0,151.0,5.876,0.86,earthquake,5.46,1.942,0.098,32.0
35.8645,-117.6883333,7.8,0.94,ml,25.0,65.0,0.08839,0.15,earthquake,0.18,0.58,0.14,18.0
38.7929992675781,-122.717666625977,2.17000007629395,1.02,md,8.0,99.0,0.0178,0.01,earthquake,0.35,0.949999988,0.21,8.0
62.0198,-148.5498,33.6,1.6,ml,20.0,88.0,0.05971,0.66,earthquake,0.48,0.4,0.159,12.5
57.975,-155.3039,86.7,1.0,ml,20.0,88.0,0.05971,0.07,earthquake,0.48,2.1,0.159,12.5
34.0163333,-117.1863333,6.16,0.95,ml,45.0,31.0,0.06429,0.22,EARTHQUAKE,0.19,0.6,0.205,27.0
35.8978333,-117.6755,2.56,1.26,ml,29.0,43.0,0.05396,0.16,earthquake,0.17,0.29,0.184,24.0
32.118,-102.188,6.0791,0.7,ml,21.0,79.0,0.0,0.1,earthquake,0.5768212358488715,0.7464067295969975,0.1,7.0
51.9586666666667,178.467666666667,4.08,0.39,ml,4.0,317.0,0.02894,0.17,earthquake,1.38,1.08,0.379980052484872,4.0
44.7981666666667,-110.858,4.23,0.6,md,16.0,111.0,0.01119,0.16,earthquake,0.36,0.55,0.366722061912752,10.0
33.7643333,-117.5168333,4.92,1.1,ml,32.0,48.0,0.0799,0.17,earthquake,0.18,0.36,0.14,16.0
38.4379,-116.4928,5.3,2.0,ml,8.0,150.28000000000003,0.496,0.1735,EARTHQUAKE,0.48,6.1,0.46,4.0
40.246,-124.138833333333,14.56,1.26,md,21.0,75.0,0.01472,0.09,earthquake,0.3,0.4,0.049,9.0
39.4223333333333,-111.071,1.72,1.19,md,13.0,114.0,0.1098,0.12,earthquake,0.44,9.08,0.168753132763532,9.0
61.381,-149.5251,11.4,1.4,ml,20.0,88.0,0.05971,0.52,earthquake,0.48,0.4,0.159,12.5
33.11,-115.5963333,10.11,1.25,ml,30.0,50.0,0.01753,0.23,earthquake,0.28,0.48,0.093,15.0
61.9067,-150.6289,10.6,1.5,ml,20.0,88.0,0.05971,1.11,EARTHQUAKE,0.48,0.3,0.159,12.5
54.7186666666667,-164.003666666667,8.09,0.94,ml,5.0,149.0,0.009969,0.33,earthquake,1.43,1.87,0.46063634952632,5.0
33.8238333,-116.8861667,14.37,1.94,ml,85.0,19.0,0.06985,0.17,earthquake,0.12,0.25,0.25,21.0
44.7953333333333,-110.858,4.9,1.24,ml,24.0,109.0,0.008807,0.14,earthquake,0.28,0.4,0.433087448709376,4.0
19.314,-155.216,2.83,1.25,ml,23.0,87.0,0.03361,0.12,earthquake,0.25,0.74,0.171624775476057,6.0
35.10466667,-97.75633333,6.97,0.84,ml,26.0,148.0,0.07738481446,0.13,earthquake,0.48,0.4,0.22,11.0
33.5256667,-116.7358333,3.74,0.35,ml,17.0,75.0,0.03965,0.08,earthquake,0.15,0.26,0.106,6.0
38.845832824707,-122.813003540039,1.57000005245209,1.41,md,22.0,91.0,0.01196,0.02,earthquake,0.23,0.319999993,0.13,23.0
38.8235015869141,-122.842330932617,1.92999994754791,1.3,md,21.0,101.0,0.005716,0.02,earthquake,0.23,0.319999993,0.07,20.0
44.8096666666667,-111.5375,8.82,0.79,ml,8.0,107.0,0.01801,0.09,earthquake,0.32,0.85,0.132470721591919,6.0
35.549,-96.75166667,5.65,-1.11,ml,10.0,185.0,0.01709664506,0.06,EARTHQUAKE,0.48,0.4,0.0,1.0
38.8230018615723,-122.843002319336,1.95000004768372,0.65,md,8.0,83.0,0.01777,0.01,EARTHQUAKE,0.33,1.05999994,0.42,8.0
41.7258,142.679,58.696,4.3,mb,35.0,164.0,0.459,1.12,earthquake,7.9,9.88,0.119,20.0
35.52666667,-96.766,6.52,0.41,ml,24.0,70.0,0.009898057663,0.11,earthquake,0.48,0.2,0.35,7.0
19.43,-155.2725,3.76,1.58,ml,11.0,230.0,0.005397,0.16,earthquake,0.7,0.73,0.123845392276484,10.0
38.829833984375,-122.795669555664,1.54999995231628,0.78,md,9.0,127.0,0.01296,0.02,earthquake,0.37,0.970000029,0.09,9.0
29.074,-97.817,7.4564,1.0,ml,9.0,80.0,0.0,0.2,earthquake,1.149593665829634,1.6449778195629456,0.1,6.0
60.1389,-152.7756,91.6,0.7,ml,20.0,88.0,0.05971,0.79,EARTHQUAKE,0.48,1.0,0.159,12.5
36.0296669006348,-119.844497680664,0.0700000002980232,2.13,md,13.0,137.0,0.2433,0.1,earthquake,0.58,7.92999983,0.13,7.0
60.0252,-150.2439,35.0,1.6,ml,20.0,88.0,0.05971,0.61,EARTHQUAKE,0.48,0.4,0.159,12.5
62.9986,-150.7011,107.6,1.5,ml,20.0,88.0,0.05971,0.2,earthquake,0.48,1.0,0.159,12.5
38.7991676330566,-122.813003540039,3.09999990463257,1.04,md,11.0,161.0,0.01332,0.01,earthquake,0.43,1.12,0.26,14.0
54.7438333333333,-163.988666666667,-0.23,0.56,ml,5.0,101.0,0.0348,0.17,EARTHQUAKE,0.38,0.59,0.572299803997576,5.0
46.1525,-75.2901,10.0,2.9,mb_lg,19.0,93.0,0.517,0.63,earthquake,3.29,1.998,0.089,34.0
35.54616667,-96.75516667,6.02,-1.45,ml,10.0,159.0,0.01709664506,0.03,earthquake,0.48,0.2,0.0,1.0
38.8351669311523,-122.804664611816,1.8400000333786,0.85,md,16.0,80.0,0.01164,0.03,earthquake,0.27,0.460000008,0.23,17.0
61.6108,-149.7286,42.0,1.4,ml,20.0,88.0,0.05971,0.78,EARTHQUAKE,0.48,0.8,0.159,12.5
38.7881660461426,-122.759002685547,1.54999995231628,1.69,md,24.0,77.0,0.01809,0.05,earthquake,0.24,0.419999987,0.11,28.0
47.904,-122.85933333333334,16.87,1.28,ml,32.0,72.0,0.09736,0.15,earthquake,0.24,0.55,0.140491618290466,25.0
35.7793333,-117.5893333,9.3,0.52,ml,13.0,119.0,0.03693,0.15,earthquake,0.35,0.41,0.11,7.0
47.22316666666666,-121.91916666666668,18.45,0.72,ml,28.0,135.0,0.05903,0.1,earthquake,0.32,0.52,0.1925421334430737,5.0
7.2528,127.15,41.47,4.8,mb,32.0,83.0,1.569,0.69,earthquake,7.69,6.454,0.107,27.0
54.735,-164.001833333333,4.45,0.68,ml,4.0,125.0,0.02574,0.18,EARTHQUAKE,0.63,1.43,0.448317119048279,4.0
32.407,-101.399,5.249,1.0,ml,16.0,67.0,0.0,0.1,earthquake,0.5609493542044454,0.9815465836874816,0.1,6.0
38.4325,-116.4995,5.4,1.5,ml,9.0,149.16000000000005,0.489,0.1423,earthquake,0.48,6.5,0.23,4.0
35.54183333,-96.76516667,6.43,-0.79,ml,10.0,134.0,0.01979611533,0.1,earthquake,0.48,0.6,0.85,2.0
33.5301667,-116.721,5.85,1.18,ml,51.0,25.0,0.03769,0.18,earthquake,0.14,0.37,0.163,27.0
41.1819,-116.7575,8.7,2.3,ml,13.0,157.95999999999998,0.329,0.1227,earthquake,0.48,1.9,0.24,8.0
39.1066,-119.054,7.2,1.1,ml,15.0,81.96000000000004,0.189,0.0923,earthquake,0.48,2.8,0.18,8.0
36.8544998168945,-121.332496643066,6.28999996185303,2.06,md,41.0,39.0,0.05478,0.13,earthquake,0.23,0.730000019,0.2,36.0
54.7175,-164.0025,13.99,1.13,ml,4.0,149.0,0.008632,0.49,earthquake,2.49,2.81,0.387291809372667,4.0
59.7781,-153.0555,91.7,1.3,ml,20.0,88.0,0.05971,0.83,earthquake,0.48,1.1,0.159,12.5
10.0191,122.1505,10.0,4.9,mww,67.0,77.0,4.481,0.39,earthquake,12.66,1.874,0.089,12.0
60.9084,-150.8702,7.3,2.1,ml,20.0,88.0,0.05971,0.55,earthquake,0.48,0.4,0.159,12.5
62.9971,-151.5696,0.0,1.4,ml,20.0,88.0,0.05971,0.81,earthquake,0.48,0.3,0.159,12.5
39.2301,-119.6977,0.0,1.2,ml,13.0,68.62,0.075,0.251,explosion,0.48,3.0,0.28,9.0
38.8160018920898,-122.817169189453,0.170000001788139,0.74,md,9.0,118.0,0.009231,0.02,earthquake,0.3,0.790000021,0.15,9.0
53.2549,160.6002,35.0,4.7,mb,57.0,134.0,1.198,0.68,earthquake,7.2,1.82,0.071,61.0
52.2295,160.5669,18.765,4.6,mb,65.0,150.0,1.413,0.92,earthquake,10.78,5.849,0.073,55.0
39.3718333333333,-111.776,3.08,1.37,md,6.0,145.0,0.1378,0.09,EARTHQUAKE,0.5,6.37,0.321262250608206,4.0
-3.6274,135.5228,10.0,5.0,mb,48.0,33.0,1.325,1.17,earthquake,6.4,1.811,0.075,57.0
35.713,-117.5663333,4.78,1.45,ml,32.0,47.0,0.1056,0.19,earthquake,0.19,0.58,0.207,26.0
17.9908333333333,-66.9543333333333,7.22,2.08,md,3.0,186.0,0.07316,0.02,earthquake,1.91,1.05,0.0003927580859932,3.0
37.5893325805664,-122.467163085938,9.51000022888184,2.35,md,44.0,91.0,0.02796,0.07,earthquake,0.21,0.300000012,0.14,43.0
53.6933333333333,-167.186333333333,14.42,0.5,ml,6.0,337.0,0.1858,0.04,earthquake,1.22,0.32,0.181947693995255,6.0
46.9515,-121.96233333333332,11.88,0.4,ml,16.0,104.0,0.0207,0.09,earthquake,0.43,0.53,0.1084337212008713,8.0
32.3865,-115.2278333,10.44,2.31,ml,24.0,69.0,0.0731,0.35,EARTHQUAKE,0.52,1.1,0.206,50.0
37.8535,-122.242833333333,6.97,2.21,md,125.0,17.0,0.0197,0.09,earthquake,0.08,0.12,0.159,82.0
62.8016,-150.6181,79.1,1.9,ml,20.0,88.0,0.05971,0.46,earthquake,0.48,0.8,0.159,12.5
34.4121,70.6816,10.0,4.4,mb,25.0,87.0,1.282,1.32,earthquake,9.33,1.898,0.123,19.0
28.749,-98.462,8.6157,1.8,ml,28.0,37.0,0.1,0.3,earthquake,0.4028667360190883,0.8109774172429841,0.2,14.0
35.6165,-98.03933333,5.47,1.62,ml,86.0,36.0,0.1574690992,0.3,earthquake,0.48,0.6,0.23,37.0
53.699,-167.220166666667,14.67,0.83,ml,9.0,166.0,0.1988,0.22,earthquake,2.36,0.63,0.203003012743066,10.0
59.9638,-152.7109,95.5,1.8,ml,20.0,88.0,0.05971,0.25,earthquake,0.48,0.4,0.159,12.5
38.8055000305176,-122.775497436523,3.04999995231628,1.07,md,22.0,83.0,0.008744,0.02,earthquake,0.28,0.519999981,0.16,21.0
37.5008316040039,-118.811332702637,5.09999990463257,1.64,md,20.0,145.0,0.09015,0.04,earthquake,0.34,1.17999995,0.1,20.0
38.833667755127,-122.802665710449,1.92999994754791,1.02,md,16.0,52.0,0.01072,0.02,earthquake,0.27,0.769999981,0.23,17.0
44.798,-110.848833333333,4.86,2.16,ml,24.0,79.0,0.009742,0.16,earthquake,0.31,0.43,0.294766551151352,10.0
34.1603333,-117.6463333,11.13,1.09,ml,21.0,65.0,0.06365,0.13,earthquake,0.25,0.42,0.371,23.0
60.4355,-152.71,6.69,-0.4,ml,4.0,300.0,0.02522,0.23,earthquake,3.58,1.4,0.155955670635456,4.0
55.368,-161.971,8.8,0.3,ml,6.0,184.0,0.06383,0.24,earthquake,1.16,1.01,0.176177262571839,6.0
-21.88,-68.64,128.009,4.8,mww,47.0,60.0,0.565,1.09,earthquake,5.27,4.817,0.086,13.0
55.4471666666667,-161.9275,24.92,0.87,ml,5.0,121.0,0.04227,0.33,earthquake,2.59,2.12,0.252065782015506,5.0
36.4898,-115.8544,11.6,0.6,ml,16.0,287.68000000000006,0.193,0.0715,earthquake,0.48,3.3,0.14,2.0
36.1615,-97.04633333,7.99,1.08,ml,58.0,63.0,0.1169770451,0.25,earthquake,0.48,0.6,0.19,21.0
34.2248333,-117.8565,2.25,0.62,ml,14.0,44.0,0.05889,0.14,earthquake,0.19,0.28,0.056,7.0
51.9436666666667,178.467,3.76,0.87,ml,4.0,309.0,0.02782,0.19,earthquake,1.46,1.32,0.0956538631852488,4.0
32.099,-101.47,8.8623,1.0,ml,18.0,60.0,0.1,0.1,earthquake,0.8203866101094495,1.079246774112671,0.1,6.0
32.116,-102.192,6.958,1.7,ml,43.0,79.0,0.0,0.1,earthquake,0.4026202938975363,0.9408200980074388,0.2,30.0
34.3175,-116.8558333,6.51,1.08,ml,48.0,46.0,0.03845,0.17,earthquake,0.16,0.43,0.209,30.0
33.4183333,-116.3723333,11.24,0.71,ml,24.0,99.0,0.07662,0.14,earthquake,0.19,0.36,0.156,9.0
38.7933349609375,-122.751998901367,1.5900000333786,0.73,md,9.0,88.0,0.01563,0.02,earthquake,0.32,0.860000014,0.07,8.0
61.3768,-150.9434,53.8,1.6,ml,20.0,88.0,0.05971,0.47,earthquake,0.48,0.6,0.159,12.5
17.5045,122.2656,10.0,4.7,mb,88.0,58.0,5.402,0.88,EARTHQUAKE,9.42,1.875,0.064,76.0
31.654,-104.473,7.4072,1.9,ml,31.0,72.0,0.0,0.2,earthquake,1.1186580825667831,0.6679102925634905,0.1,15.0
38.8385009765625,-122.811164855957,2.04999995231628,1.03,md,14.0,90.0,0.01511,0.01,earthquake,0.27,0.670000017,0.08,13.0
36.7997,-116.0703,5.4,0.1,ml,29.0,104.46,0.021,0.087,EARTHQUAKE,0.48,0.7,0.18,9.0
51.5604,160.023,10.0,4.7,mb,56.0,144.0,1.691,0.89,earthquake,9.93,1.928,0.065,71.0
47.18816666666667,-121.94833333333334,18.46,0.73,ml,25.0,159.0,0.2003,0.11,earthquake,0.39,0.75,0.1843894256959323,10.0
58.3005,-154.981166666667,2.88,-0.48,ml,6.0,145.0,0.04389,0.07,earthquake,0.33,0.64,0.289833314265274,6.0
41.149,-116.7348,9.5,2.1,ml,8.0,251.47,0.297,0.1658,earthquake,0.48,2.3,0.19,3.0
38.8358345031738,-122.816833496094,1.55999994277954,1.02,md,17.0,64.0,0.0135,0.02,EARTHQUAKE,0.22,0.449999988,0.29,18.0
19.022,-155.444166666667,36.74,2.12,ml,48.0,208.0,0.1338,0.12,earthquake,0.72,0.65,0.195062347328407,34.0
7.3466,127.2027,43.143,5.5,mww,88.0,64.0,1.634,1.48,earthquake,8.29,6.136,0.08,15.0
58.1575,-155.4015,2.9,-0.42,ml,5.0,88.0,0.0648,0.09,earthquake,0.57,2.49,0.159720145325855,5.0
38.8154983520508,-122.783668518066,1.62999999523163,1.39,md,19.0,55.0,0.00323,0.03,EARTHQUAKE,0.21,0.409999996,0.25,19.0
61.1636,-147.1508,10.4,1.4,ml,20.0,88.0,0.05971,0.39,EARTHQUAKE,0.48,0.5,0.159,12.5
58.163,-155.370333333333,0.28,-0.6,ml,7.0,136.0,0.05237,0.08,earthquake,0.24,2.43,0.13321827885564,7.0
62.235,-150.2765,6.1,1.6,ml,20.0,88.0,0.05971,0.85,earthquake,0.48,0.3,0.159,12.5
38.8269996643066,-122.802665710449,1.75999999046326,0.27,md,7.0,82.0,0.006815,0.01,EARTHQUAKE,0.45,1.13,0.07,9.0
38.8326683044434,-122.81583404541,1.8400000333786,1.39,md,21.0,54.0,0.01029,0.03,EARTHQUAKE,0.23,0.379999995,0.14,24.0
31.525,-104.018,7.2791,1.4,ml,31.0,59.0,0.0,0.2,earthquake,0.6491126354249591,0.6372548244584497,0.1,28.0
61.313,-152.236333333333,2.98,-0.61,ml,7.0,144.0,0.05075,0.1,earthquake,0.91,1.22,0.076697825377951,7.0
38.8191680908203,-122.841331481934,2.1800000667572,1.04,md,16.0,103.0,0.006306,0.01,EARTHQUAKE,0.28,0.430000007,0.14,18.0
63.9544,-149.5526,0.0,1.9,ml,20.0,88.0,0.05971,0.39,EARTHQUAKE,0.48,0.4,0.159,12.5
47.601333333333336,-122.71733333333331,23.57,0.73,ml,9.0,247.0,0.08183,0.18,earthquake,1.01,0.81,0.1222483129054764,3.0
18.9995,-67.7185,14.44,2.92,md,8.0,254.0,0.7818,0.35,earthquake,4.64,7.33,0.124323921820564,7.0
31.648,-104.423,5.3821,2.2,ml,39.0,72.0,0.0,0.2,earthquake,0.8469433079045733,0.479024975918078,0.2,22.0
38.8279991149902,-122.801170349121,20.8899993896484,1.16,md,6.0,208.0,0.008337,0.06,earthquake,3.9,9.63000011,0.1,3.0
54.7436666666667,-163.985333333333,1.78,0.31,ml,5.0,98.0,0.03496,0.25,EARTHQUAKE,0.58,1.27,0.430671585803611,5.0
57.6811666666667,-155.435166666667,8.86,0.88,ml,9.0,248.0,0.3787,0.2,earthquake,2.57,3.76,0.23207567931262,9.0
37.998,-118.5064,7.4,2.4,ml,20.0,47.81,0.254,0.2212,EARTHQUAKE,0.48,1.9,0.36,10.0
18.7683,-64.623,13.0,3.46,md,10.0,252.0,0.3533,0.02,earthquake,0.48,1.44,0.16,8.0
60.0578333333333,-153.064333333333,0.66,-0.77,ml,4.0,234.0,0.0006087,0.1,earthquake,1.1,0.41,0.299920874110259,4.0
35.0355,-117.684,-0.82,1.18,ml,18.0,146.0,0.1014,0.16,quarry blast,0.57,31.61,0.077,21.0
-21.1265,-69.0054,109.869,4.1,mb,22.0,56.0,0.458,0.56,earthquake,5.06,3.319,0.157,11.0
46.200833333333335,-122.19716666666666,-1.78,-0.07,ml,14.0,56.0,0.004507,0.14,earthquake,0.28,31.61,0.0847824445712251,4.0
35.52966667,-96.7625,6.0,1.25,ml,24.0,49.0,0.008998234239,0.1,earthquake,0.48,0.2,0.29,7.0
38.8058319091797,-122.776496887207,2.00999999046326,1.38,md,18.0,72.0,0.008106,0.02,earthquake,0.26,0.370000005,0.17,20.0
33.9128333,-118.3265,19.67,1.33,ml,28.0,104.0,0.009045,0.31,earthquake,0.62,0.66,0.132,15.0
60.1691,-151.1417,67.0,1.5,ml,20.0,88.0,0.05971,0.34,earthquake,0.48,1.1,0.159,12.5
38.8334999084473,-122.81566619873,1.26999998092651,0.59,md,10.0,57.0,0.01629,0.01,earthquake,0.34,1.0,0.37,10.0
35.34616667,-97.93416667,5.58,0.97,ml,51.0,63.0,0.04679081805,0.44,earthquake,0.48,0.8,0.18,23.0
33.1663333,-116.4193333,8.29,0.81,ml,47.0,45.0,0.09019,0.21,earthquake,0.2,0.79,0.129,14.0
-52.9052,22.1125,10.0,4.6,mb,25.0,89.0,20.535,0.53,earthquake,13.09,0.972,0.116,22.0
33.9095,-118.2831667,16.2,1.09,ml,25.0,91.0,0.05703,0.26,earthquake,0.54,0.98,0.088,7.0
57.6457,-155.3449,1.4,3.1,ml,20.0,88.0,0.05971,0.4,earthquake,0.48,0.3,0.159,12.5
46.992,-112.8925,17.91,0.78,ml,10.0,136.0,0.1016,0.04,earthquake,0.51,0.39,0.0879800558738406,8.0
35.33466667,-97.9355,7.75,0.63,ml,25.0,95.0,0.05758869913,0.19,earthquake,0.48,0.5,0.14,9.0
35.547,-96.75416667,5.38,-1.17,ml,8.0,166.0,0.01709664506,0.03,earthquake,0.48,0.2,0.0,1.0
61.2462,-152.1571,30.5,0.7,ml,20.0,88.0,0.05971,0.3,earthquake,0.48,0.2,0.159,12.5
44.2358333333333,-110.781166666667,6.95,1.05,md,13.0,78.0,0.03895,0.34,earthquake,0.79,1.28,0.304223734447463,11.0
38.8203315734863,-122.775329589844,3.34999990463257,0.9,md,10.0,117.0,0.008208,0.12,earthquake,0.74,1.22000003,0.18,10.0
35.3535,-117.8071667,8.49,0.75,ml,29.0,94.0,0.09152,0.13,earthquake,0.16,0.44,0.183,29.0
52.1648,160.6812,21.154,4.7,mb,49.0,122.0,1.508,1.34,earthquake,9.65,5.576,0.067,68.0
33.906,-118.5396667,9.77,1.94,ml,75.0,69.0,0.1026,0.23,earthquake,0.22,0.49,0.154,105.0
-3.2018,148.9217,10.0,5.1,mb,24.0,82.0,1.934,0.76,earthquake,8.05,1.894,0.125,21.0
34.0676667,-117.2721667,16.98,2.34,ml,119.0,18.0,0.03866,0.17,earthquake,0.1,0.22,0.136,190.0
31.586,-104.022,7.2278,2.3,ml,26.0,76.0,0.0,0.1,earthquake,0.5500058124762438,0.5210948499531441,0.2,20.0
64.49,-146.8991,1.1,1.6,ml,20.0,88.0,0.05971,0.85,earthquake,0.48,0.3,0.159,12.5
3.3406,127.3639,38.097,4.7,mb,47.0,88.0,2.334,0.72,earthquake,6.75,7.625,0.096,33.0
51.3219,-176.2714,21.3,1.8,ml,20.0,88.0,0.05971,0.46,earthquake,0.48,0.3,0.159,12.5
46.1925,-122.6735,-0.56,1.69,ml,29.0,85.0,0.06161,0.25,explosion,0.6,31.61,0.1476857808474829,16.0
46.0103333333333,-111.3875,4.89,0.53,ml,5.0,162.0,0.1857,0.1,EARTHQUAKE,0.63,7.85,0.160760522718774,3.0
32.118,-102.194,6.2744,1.2,ml,33.0,63.0,0.0,0.1,earthquake,0.4474010268450552,0.67197825017147,0.2,21.0
32.437,-101.699,5.0937,0.6,ml,16.0,72.0,0.0,0.1,earthquake,0.6872697951909171,1.08710258158021,0.1,14.0
38.7936668395996,-122.7568359375,0.579999983310699,0.31,md,9.0,138.0,0.007302,0.03,earthquake,0.4,0.50999999,0.13,10.0
46.0086666666667,-112.4645,-2.0,1.08,ml,13.0,72.0,0.06266,0.11,quarry blast,0.33,31.61,0.245527200109529,9.0
33.7103333,-116.7563333,15.18,0.87,ml,32.0,40.0,0.03723,0.15,earthquake,0.21,0.35,0.191,26.0
33.5891667,-116.732,12.0,0.88,ml,34.0,50.0,0.02411,0.16,EARTHQUAKE,0.2,0.41,0.194,11.0
58.308,-154.991,2.24,-0.18,ml,4.0,202.0,0.04023,0.08,EARTHQUAKE,1.04,0.77,0.148700484723239,4.0
58.7935,-31.6373,10.0,4.8,mww,51.0,127.0,7.71,1.08,earthquake,10.11,1.922,0.083,14.0
57.658,-155.429166666667,4.83,0.53,ml,8.0,252.0,0.401,0.17,earthquake,0.96,1.57,0.246156292836128,7.0
33.2596667,-116.8311667,12.63,0.68,ml,44.0,29.0,0.06511,0.16,earthquake,0.15,0.46,0.159,18.0
35.54,-96.75733333,5.71,-0.01,ml,14.0,122.0,0.01259752794,0.08,EARTHQUAKE,0.48,0.4,0.03,2.0
35.54133333,-96.77333333,6.32,-0.67,ml,12.0,98.0,0.006298763968,0.09,earthquake,0.48,0.5,0.69,2.0
36.009,-117.8036667,1.99,1.15,ml,9.0,110.0,0.02679,0.07,earthquake,0.16,0.19,0.146,18.0
50.6405,156.9695,47.31,4.5,mb,61.0,137.0,2.512,0.44,earthquake,12.43,7.82,0.066,67.0
63.3447,-145.5084,10.4,1.5,ml,20.0,88.0,0.05971,0.36,earthquake,0.48,0.2,0.159,12.5
33.4753333,-116.425,12.68,0.69,ml,15.0,193.0,0.1493,0.11,earthquake,0.45,0.74,0.159,13.0
52.7831,160.9378,16.651,4.9,mb,116.0,164.0,1.406,0.79,earthquake,11.27,6.038,0.044,160.0
60.4489,-143.7548,19.7,1.5,ml,20.0,88.0,0.05971,0.18,earthquake,0.48,0.4,0.159,12.5
34.0081667,-117.2036667,5.31,1.18,ml,42.0,82.0,0.06584,0.22,earthquake,0.23,0.42,0.208,32.0
35.546,-96.76116667,6.0,-0.71,ml,12.0,128.0,0.01349735136,0.06,earthquake,0.48,0.4,0.49,2.0
33.5633333,-116.6395,11.34,0.7,ml,35.0,41.0,0.008173,0.13,earthquake,0.16,0.3,0.212,20.0
52.7951,161.1393,10.0,5.7,mb,89.0,118.0,1.525,1.35,earthquake,9.56,1.864,0.022,756.0
34.0061667,-117.203,5.59,0.9,ml,55.0,40.0,0.06379,0.16,earthquake,0.14,0.7,0.204,36.0
38.4316,-116.4852,10.2,2.0,ml,7.0,138.03999999999996,0.499,0.1066,earthquake,0.48,4.3,0.24,4.0
60.0588333333333,-153.024833333333,3.14,-0.47,ml,4.0,264.0,0.0195,0.12,EARTHQUAKE,1.05,0.65,0.323672131676627,4.0
17.9075,-66.9283333333333,12.4,2.25,md,5.0,237.0,0.08183,0.06,earthquake,1.02,0.49,0.137466371052774,4.0
38.8279991149902,-122.814834594727,2.22000002861023,1.07,md,19.0,44.0,0.005913,0.02,earthquake,0.22,0.430000007,0.17,19.0
38.7861671447754,-122.853668212891,21.5699996948242,1.93,md,9.0,234.0,0.01501,0.17,earthquake,5.58,10.6700001,0.42,3.0
38.8334999084473,-122.814002990723,1.73000001907349,1.05,md,17.0,74.0,0.01753,0.02,earthquake,0.24,0.419999987,0.18,18.0
35.54733333,-96.75766667,5.35,-1.36,ml,8.0,155.0,0.01619682163,0.04,earthquake,0.48,0.4,0.0,1.0
54.756,-163.975,3.89,0.71,ml,5.0,95.0,0.04838,0.19,earthquake,0.5,2.6,0.219439833378851,5.0
38.792667388916,-122.753829956055,0.649999976158142,0.87,md,11.0,86.0,0.00918,0.02,earthquake,0.25,0.419999987,0.2,10.0
35.54683333,-96.75266667,5.77,-1.4,ml,8.0,172.0,0.01619682163,0.03,EARTHQUAKE,0.48,0.2,0.0,1.0
61.3291666666667,-152.270833333333,-1.61,0.59,ml,11.0,107.0,0.08478,0.08,EARTHQUAKE,0.19,2.08,0.180586279258694,12.0
32.179,-101.194,4.3945,2.4,ml,19.0,49.0,0.2,0.1,earthquake,0.7968022511516158,1.6976788275666812,0.1,25.0
38.7863349914551,-122.77433013916,3.41000008583069,0.86,md,14.0,92.0,0.01263,0.02,EARTHQUAKE,0.34,0.629999995,0.28,14.0
33.5098333,-116.4611667,2.81,0.95,ml,48.0,33.0,0.1188,0.2,EARTHQUAKE,0.17,0.8,0.19,27.0
38.8208351135254,-122.842834472656,1.80999994277954,1.07,md,13.0,72.0,0.006508,0.02,earthquake,0.28,0.550000012,0.11,14.0
34.3206667,-116.8536667,6.37,1.28,ml,63.0,26.0,0.03486,0.16,earthquake,0.12,0.31,0.156,29.0
33.1028333,-116.6151667,5.85,0.72,ml,23.0,61.0,0.02634,0.19,earthquake,0.28,0.61,0.157,12.0
59.7559,-153.0138,95.9,1.6,ml,20.0,88.0,0.05971,0.32,EARTHQUAKE,0.48,0.3,0.159,12.5
61.7658,-150.3331,17.0,1.6,ml,20.0,88.0,0.05971,0.45,earthquake,0.48,0.5,0.159,12.5
38.8341674804688,-122.815170288086,1.63999998569489,0.68,md,11.0,77.0,0.01647,0.02,earthquake,0.33,0.779999971,0.42,12.0
38.8186683654785,-122.80883026123,3.67000007629395,1.62,md,32.0,40.0,0.004819,0.05,earthquake,0.2,0.370000005,0.12,32.0
51.7258,159.9022,10.0,4.4,mb,27.0,144.0,1.509,0.51,earthquake,11.97,1.942,0.13,17.0
34.0516667,-116.9726667,13.88,0.82,ml,43.0,51.0,0.05175,0.14,earthquake,0.16,0.36,0.195,28.0
